﻿Area_Name,Year,Group_Name,Auto_Theft_Coordinated_Traced,Auto_Theft_Recovered,Auto_Theft_Stolen
Andaman & Nicobar Islands,2001,Motor Cycles/ Scooters,,4,4
Andhra Pradesh,2001,Motor Cycles/ Scooters,136,1311,2725
Arunachal Pradesh,2001,Motor Cycles/ Scooters,0,21,27
Assam,2001,Motor Cycles/ Scooters,0,94,205
Bihar,2001,Motor Cycles/ Scooters,44,205,946
Chandigarh,2001,Motor Cycles/ Scooters,0,107,281
Chhattisgarh,2001,Motor Cycles/ Scooters,0,338,790
Dadra & Nagar Haveli,2001,Motor Cycles/ Scooters,,4,12
Delhi,2001,Motor Cycles/ Scooters,62,688,3185
Goa,2001,Motor Cycles/ Scooters,9,68,152
Gujarat,2001,Motor Cycles/ Scooters,401,1345,4830
Haryana,2001,Motor Cycles/ Scooters,34,882,1967
Himachal Pradesh,2001,Motor Cycles/ Scooters,7,31,47
Jammu & Kashmir,2001,Motor Cycles/ Scooters,1,81,460
Jharkhand,2001,Motor Cycles/ Scooters,10,38,211
Karnataka,2001,Motor Cycles/ Scooters,183,993,3087
Kerala,2001,Motor Cycles/ Scooters,47,300,1038
Madhya Pradesh,2001,Motor Cycles/ Scooters,,1063,3756
Maharashtra,2001,Motor Cycles/ Scooters,653,1968,6244
Manipur,2001,Motor Cycles/ Scooters,,5,57
Meghalaya,2001,Motor Cycles/ Scooters,0,5,22
Mizoram,2001,Motor Cycles/ Scooters,2,11,11
Nagaland,2001,Motor Cycles/ Scooters,0,15,53
Odisha,2001,Motor Cycles/ Scooters,22,222,778
Puducherry,2001,Motor Cycles/ Scooters,136,136,281
Punjab,2001,Motor Cycles/ Scooters,123,229,609
Rajasthan,2001,Motor Cycles/ Scooters,58,628,3273
Sikkim,2001,Motor Cycles/ Scooters,2,2,2
Tamil Nadu,2001,Motor Cycles/ Scooters,0,2523,3858
Tripura,2001,Motor Cycles/ Scooters,,3,10
Uttar Pradesh,2001,Motor Cycles/ Scooters,15,727,4046
Uttarakhand,2001,Motor Cycles/ Scooters,,60,236
West Bengal,2001,Motor Cycles/ Scooters,14,461,1904
Andaman & Nicobar Islands,2002,Motor Cycles/ Scooters,1,1,2
Andhra Pradesh,2002,Motor Cycles/ Scooters,12,1420,3025
Arunachal Pradesh,2002,Motor Cycles/ Scooters,,19,49
Assam,2002,Motor Cycles/ Scooters,0,115,485
Bihar,2002,Motor Cycles/ Scooters,13,197,996
Chandigarh,2002,Motor Cycles/ Scooters,0,126,328
Chhattisgarh,2002,Motor Cycles/ Scooters,0,244,752
Dadra & Nagar Haveli,2002,Motor Cycles/ Scooters,,19,31
Daman & Diu,2002,Motor Cycles/ Scooters,0,16,32
Delhi,2002,Motor Cycles/ Scooters,111,665,3291
Goa,2002,Motor Cycles/ Scooters,1,32,138
Gujarat,2002,Motor Cycles/ Scooters,254,1325,5318
Haryana,2002,Motor Cycles/ Scooters,0,881,1920
Himachal Pradesh,2002,Motor Cycles/ Scooters,4,39,63
Jammu & Kashmir,2002,Motor Cycles/ Scooters,3,94,270
Jharkhand,2002,Motor Cycles/ Scooters,4,57,597
Karnataka,2002,Motor Cycles/ Scooters,190,1020,3376
Kerala,2002,Motor Cycles/ Scooters,35,373,1272
Madhya Pradesh,2002,Motor Cycles/ Scooters,66,1285,4225
Maharashtra,2002,Motor Cycles/ Scooters,172,2098,6777
Manipur,2002,Motor Cycles/ Scooters,0,9,98
Meghalaya,2002,Motor Cycles/ Scooters,0,6,31
Mizoram,2002,Motor Cycles/ Scooters,,17,18
Nagaland,2002,Motor Cycles/ Scooters,0,12,89
Odisha,2002,Motor Cycles/ Scooters,32,307,784
Puducherry,2002,Motor Cycles/ Scooters,,44,249
Punjab,2002,Motor Cycles/ Scooters,203,310,725
Rajasthan,2002,Motor Cycles/ Scooters,30,714,3696
Tamil Nadu,2002,Motor Cycles/ Scooters,44,2934,4319
Tripura,2002,Motor Cycles/ Scooters,,63,71
Uttar Pradesh,2002,Motor Cycles/ Scooters,7,934,4126
Uttarakhand,2002,Motor Cycles/ Scooters,0,64,253
West Bengal,2002,Motor Cycles/ Scooters,64,423,2704
Andaman & Nicobar Islands,2003,Motor Cycles/ Scooters,,2,3
Andhra Pradesh,2003,Motor Cycles/ Scooters,38,1636,3865
Arunachal Pradesh,2003,Motor Cycles/ Scooters,0,11,49
Assam,2003,Motor Cycles/ Scooters,0,58,497
Bihar,2003,Motor Cycles/ Scooters,16,243,1183
Chandigarh,2003,Motor Cycles/ Scooters,0,131,274
Chhattisgarh,2003,Motor Cycles/ Scooters,0,325,752
Dadra & Nagar Haveli,2003,Motor Cycles/ Scooters,,4,10
Daman & Diu,2003,Motor Cycles/ Scooters,5,8,26
Delhi,2003,Motor Cycles/ Scooters,257,586,3360
Goa,2003,Motor Cycles/ Scooters,2,39,124
Gujarat,2003,Motor Cycles/ Scooters,347,1770,6131
Haryana,2003,Motor Cycles/ Scooters,80,929,1989
Himachal Pradesh,2003,Motor Cycles/ Scooters,1,31,78
Jammu & Kashmir,2003,Motor Cycles/ Scooters,5,73,301
Jharkhand,2003,Motor Cycles/ Scooters,0,24,137
Karnataka,2003,Motor Cycles/ Scooters,93,1040,3597
Kerala,2003,Motor Cycles/ Scooters,1,440,1070
Lakshadweep,2003,Motor Cycles/ Scooters,1,1,1
Madhya Pradesh,2003,Motor Cycles/ Scooters,,1266,4291
Maharashtra,2003,Motor Cycles/ Scooters,597,2116,7078
Manipur,2003,Motor Cycles/ Scooters,0,4,107
Meghalaya,2003,Motor Cycles/ Scooters,0,8,41
Mizoram,2003,Motor Cycles/ Scooters,,29,31
Nagaland,2003,Motor Cycles/ Scooters,0,46,197
Odisha,2003,Motor Cycles/ Scooters,94,248,752
Puducherry,2003,Motor Cycles/ Scooters,63,63,284
Punjab,2003,Motor Cycles/ Scooters,206,327,818
Rajasthan,2003,Motor Cycles/ Scooters,37,820,4482
Tamil Nadu,2003,Motor Cycles/ Scooters,1107,3013,4317
Tripura,2003,Motor Cycles/ Scooters,,6,52
Uttar Pradesh,2003,Motor Cycles/ Scooters,21,920,3376
Uttarakhand,2003,Motor Cycles/ Scooters,0,83,269
West Bengal,2003,Motor Cycles/ Scooters,29,374,2049
Andaman & Nicobar Islands,2004,Motor Cycles/ Scooters,0,8,8
Andhra Pradesh,2004,Motor Cycles/ Scooters,254,1705,3857
Arunachal Pradesh,2004,Motor Cycles/ Scooters,0,31,75
Assam,2004,Motor Cycles/ Scooters,,84,551
Bihar,2004,Motor Cycles/ Scooters,0,257,1829
Chandigarh,2004,Motor Cycles/ Scooters,0,112,364
Chhattisgarh,2004,Motor Cycles/ Scooters,0,416,1131
Dadra & Nagar Haveli,2004,Motor Cycles/ Scooters,0,8,15
Daman & Diu,2004,Motor Cycles/ Scooters,,4,10
Delhi,2004,Motor Cycles/ Scooters,125,871,4342
Goa,2004,Motor Cycles/ Scooters,5,38,112
Gujarat,2004,Motor Cycles/ Scooters,456,1798,6075
Haryana,2004,Motor Cycles/ Scooters,,1013,2420
Himachal Pradesh,2004,Motor Cycles/ Scooters,6,42,82
Jammu & Kashmir,2004,Motor Cycles/ Scooters,9,76,313
Jharkhand,2004,Motor Cycles/ Scooters,,57,597
Karnataka,2004,Motor Cycles/ Scooters,113,1146,4578
Kerala,2004,Motor Cycles/ Scooters,,497,1233
Madhya Pradesh,2004,Motor Cycles/ Scooters,160,1527,5481
Maharashtra,2004,Motor Cycles/ Scooters,323,2832,8748
Manipur,2004,Motor Cycles/ Scooters,0,4,106
Meghalaya,2004,Motor Cycles/ Scooters,0,9,38
Mizoram,2004,Motor Cycles/ Scooters,0,0,0
Nagaland,2004,Motor Cycles/ Scooters,0,10,24
Odisha,2004,Motor Cycles/ Scooters,145,344,1300
Puducherry,2004,Motor Cycles/ Scooters,,176,313
Punjab,2004,Motor Cycles/ Scooters,165,267,629
Rajasthan,2004,Motor Cycles/ Scooters,84,1263,5434
Tamil Nadu,2004,Motor Cycles/ Scooters,2357,2561,3645
Tripura,2004,Motor Cycles/ Scooters,,12,28
Uttar Pradesh,2004,Motor Cycles/ Scooters,25,1315,6449
Uttarakhand,2004,Motor Cycles/ Scooters,,91,387
West Bengal,2004,Motor Cycles/ Scooters,0,358,2093
Andaman & Nicobar Islands,2005,Motor Cycles/ Scooters,,5,5
Andhra Pradesh,2005,Motor Cycles/ Scooters,0,2360,4659
Arunachal Pradesh,2005,Motor Cycles/ Scooters,0,32,117
Assam,2005,Motor Cycles/ Scooters,11,181,551
Bihar,2005,Motor Cycles/ Scooters,0,197,1983
Chandigarh,2005,Motor Cycles/ Scooters,0,129,368
Chhattisgarh,2005,Motor Cycles/ Scooters,0,522,1426
Dadra & Nagar Haveli,2005,Motor Cycles/ Scooters,,3,14
Daman & Diu,2005,Motor Cycles/ Scooters,4,5,18
Delhi,2005,Motor Cycles/ Scooters,143,997,4574
Goa,2005,Motor Cycles/ Scooters,0,49,158
Gujarat,2005,Motor Cycles/ Scooters,353,1517,6199
Haryana,2005,Motor Cycles/ Scooters,0,1227,3696
Himachal Pradesh,2005,Motor Cycles/ Scooters,0,27,65
Jammu & Kashmir,2005,Motor Cycles/ Scooters,7,52,291
Jharkhand,2005,Motor Cycles/ Scooters,6,108,476
Karnataka,2005,Motor Cycles/ Scooters,81,1054,5073
Kerala,2005,Motor Cycles/ Scooters,14,367,1203
Madhya Pradesh,2005,Motor Cycles/ Scooters,0,1740,5741
Maharashtra,2005,Motor Cycles/ Scooters,319,2479,9518
Manipur,2005,Motor Cycles/ Scooters,7,7,90
Meghalaya,2005,Motor Cycles/ Scooters,0,4,23
Mizoram,2005,Motor Cycles/ Scooters,0,0,0
Nagaland,2005,Motor Cycles/ Scooters,0,39,170
Odisha,2005,Motor Cycles/ Scooters,105,405,1525
Puducherry,2005,Motor Cycles/ Scooters,138,138,224
Punjab,2005,Motor Cycles/ Scooters,152,319,695
Rajasthan,2005,Motor Cycles/ Scooters,260,1027,5425
Sikkim,2005,Motor Cycles/ Scooters,,1,1
Tamil Nadu,2005,Motor Cycles/ Scooters,2215,2353,3108
Tripura,2005,Motor Cycles/ Scooters,,6,52
Uttar Pradesh,2005,Motor Cycles/ Scooters,64,1292,5895
Uttarakhand,2005,Motor Cycles/ Scooters,,100,339
West Bengal,2005,Motor Cycles/ Scooters,25,398,2166
Andaman & Nicobar Islands,2006,Motor Cycles/ Scooters,,5,5
Andhra Pradesh,2006,Motor Cycles/ Scooters,79,1754,4554
Arunachal Pradesh,2006,Motor Cycles/ Scooters,0,22,74
Assam,2006,Motor Cycles/ Scooters,16,248,674
Bihar,2006,Motor Cycles/ Scooters,0,275,1700
Chandigarh,2006,Motor Cycles/ Scooters,0,117,361
Chhattisgarh,2006,Motor Cycles/ Scooters,80,630,1910
Dadra & Nagar Haveli,2006,Motor Cycles/ Scooters,0,7,12
Daman & Diu,2006,Motor Cycles/ Scooters,0,3,19
Delhi,2006,Motor Cycles/ Scooters,105,953,4627
Goa,2006,Motor Cycles/ Scooters,7,52,170
Gujarat,2006,Motor Cycles/ Scooters,423,1437,6409
Haryana,2006,Motor Cycles/ Scooters,2,1556,4641
Himachal Pradesh,2006,Motor Cycles/ Scooters,32,38,74
Jammu & Kashmir,2006,Motor Cycles/ Scooters,10,74,287
Jharkhand,2006,Motor Cycles/ Scooters,5,235,1118
Karnataka,2006,Motor Cycles/ Scooters,82,1046,4808
Kerala,2006,Motor Cycles/ Scooters,17,328,1200
Lakshadweep,2006,Motor Cycles/ Scooters,,1,2
Madhya Pradesh,2006,Motor Cycles/ Scooters,147,1843,6771
Maharashtra,2006,Motor Cycles/ Scooters,833,3008,10104
Manipur,2006,Motor Cycles/ Scooters,0,6,103
Meghalaya,2006,Motor Cycles/ Scooters,0,9,56
Mizoram,2006,Motor Cycles/ Scooters,0,30,37
Nagaland,2006,Motor Cycles/ Scooters,5,34,50
Odisha,2006,Motor Cycles/ Scooters,174,508,1410
Puducherry,2006,Motor Cycles/ Scooters,0,111,304
Punjab,2006,Motor Cycles/ Scooters,301,352,844
Rajasthan,2006,Motor Cycles/ Scooters,331,1055,5716
Sikkim,2006,Motor Cycles/ Scooters,,1,1
Tamil Nadu,2006,Motor Cycles/ Scooters,2183,2423,2784
Tripura,2006,Motor Cycles/ Scooters,,3,15
Uttar Pradesh,2006,Motor Cycles/ Scooters,28,1605,6571
Uttarakhand,2006,Motor Cycles/ Scooters,0,92,374
West Bengal,2006,Motor Cycles/ Scooters,22,304,2303
Andaman & Nicobar Islands,2007,Motor Cycles/ Scooters,,7,8
Andhra Pradesh,2007,Motor Cycles/ Scooters,81,2499,5616
Arunachal Pradesh,2007,Motor Cycles/ Scooters,7,59,104
Assam,2007,Motor Cycles/ Scooters,21,241,545
Bihar,2007,Motor Cycles/ Scooters,0,260,1871
Chandigarh,2007,Motor Cycles/ Scooters,0,119,474
Chhattisgarh,2007,Motor Cycles/ Scooters,5,618,1684
Dadra & Nagar Haveli,2007,Motor Cycles/ Scooters,,3,16
Daman & Diu,2007,Motor Cycles/ Scooters,,5,22
Delhi,2007,Motor Cycles/ Scooters,32,774,4641
Goa,2007,Motor Cycles/ Scooters,3,53,180
Gujarat,2007,Motor Cycles/ Scooters,500,1655,7252
Haryana,2007,Motor Cycles/ Scooters,94,1498,4746
Himachal Pradesh,2007,Motor Cycles/ Scooters,7,38,114
Jammu & Kashmir,2007,Motor Cycles/ Scooters,2,65,221
Jharkhand,2007,Motor Cycles/ Scooters,3,172,1250
Karnataka,2007,Motor Cycles/ Scooters,105,1573,4877
Kerala,2007,Motor Cycles/ Scooters,13,413,1298
Lakshadweep,2007,Motor Cycles/ Scooters,,2,2
Madhya Pradesh,2007,Motor Cycles/ Scooters,395,1910,7864
Maharashtra,2007,Motor Cycles/ Scooters,888,2961,11189
Manipur,2007,Motor Cycles/ Scooters,0,6,115
Meghalaya,2007,Motor Cycles/ Scooters,0,2,45
Mizoram,2007,Motor Cycles/ Scooters,0,29,51
Nagaland,2007,Motor Cycles/ Scooters,0,21,117
Odisha,2007,Motor Cycles/ Scooters,34,381,1525
Puducherry,2007,Motor Cycles/ Scooters,,172,478
Punjab,2007,Motor Cycles/ Scooters,415,385,1110
Rajasthan,2007,Motor Cycles/ Scooters,100,1170,6574
Sikkim,2007,Motor Cycles/ Scooters,3,3,3
Tamil Nadu,2007,Motor Cycles/ Scooters,1830,2222,2545
Tripura,2007,Motor Cycles/ Scooters,,13,51
Uttar Pradesh,2007,Motor Cycles/ Scooters,59,1660,7579
Uttarakhand,2007,Motor Cycles/ Scooters,106,106,418
West Bengal,2007,Motor Cycles/ Scooters,47,353,1954
Andaman & Nicobar Islands,2008,Motor Cycles/ Scooters,,6,10
Andhra Pradesh,2008,Motor Cycles/ Scooters,0,3316,6993
Arunachal Pradesh,2008,Motor Cycles/ Scooters,7,27,43
Assam,2008,Motor Cycles/ Scooters,52,134,1255
Bihar,2008,Motor Cycles/ Scooters,0,340,2445
Chandigarh,2008,Motor Cycles/ Scooters,0,135,662
Chhattisgarh,2008,Motor Cycles/ Scooters,0,428,1645
Dadra & Nagar Haveli,2008,Motor Cycles/ Scooters,,3,8
Daman & Diu,2008,Motor Cycles/ Scooters,,11,24
Delhi,2008,Motor Cycles/ Scooters,4,754,5936
Goa,2008,Motor Cycles/ Scooters,4,67,213
Gujarat,2008,Motor Cycles/ Scooters,637,1972,8976
Haryana,2008,Motor Cycles/ Scooters,300,1618,5779
Himachal Pradesh,2008,Motor Cycles/ Scooters,23,48,153
Jammu & Kashmir,2008,Motor Cycles/ Scooters,4,78,430
Jharkhand,2008,Motor Cycles/ Scooters,,280,2156
Karnataka,2008,Motor Cycles/ Scooters,313,1679,7552
Kerala,2008,Motor Cycles/ Scooters,40,423,1329
Lakshadweep,2008,Motor Cycles/ Scooters,1,1,1
Madhya Pradesh,2008,Motor Cycles/ Scooters,,1997,10088
Maharashtra,2008,Motor Cycles/ Scooters,693,2803,13589
Manipur,2008,Motor Cycles/ Scooters,10,5,232
Meghalaya,2008,Motor Cycles/ Scooters,0,7,47
Mizoram,2008,Motor Cycles/ Scooters,0,19,25
Nagaland,2008,Motor Cycles/ Scooters,0,7,121
Odisha,2008,Motor Cycles/ Scooters,0,582,1771
Puducherry,2008,Motor Cycles/ Scooters,,147,418
Punjab,2008,Motor Cycles/ Scooters,426,463,1307
Rajasthan,2008,Motor Cycles/ Scooters,250,1216,7837
Sikkim,2008,Motor Cycles/ Scooters,1,1,1
Tamil Nadu,2008,Motor Cycles/ Scooters,2035,2672,3424
Tripura,2008,Motor Cycles/ Scooters,,15,54
Uttar Pradesh,2008,Motor Cycles/ Scooters,209,1702,8419
Uttarakhand,2008,Motor Cycles/ Scooters,,127,506
West Bengal,2008,Motor Cycles/ Scooters,0,356,2158
Andaman & Nicobar Islands,2009,Motor Cycles/ Scooters,,8,9
Andhra Pradesh,2009,Motor Cycles/ Scooters,659,3625,7244
Arunachal Pradesh,2009,Motor Cycles/ Scooters,7,30,83
Assam,2009,Motor Cycles/ Scooters,43,214,1135
Bihar,2009,Motor Cycles/ Scooters,118,338,3200
Chandigarh,2009,Motor Cycles/ Scooters,0,199,648
Chhattisgarh,2009,Motor Cycles/ Scooters,0,582,1882
Dadra & Nagar Haveli,2009,Motor Cycles/ Scooters,,2,10
Daman & Diu,2009,Motor Cycles/ Scooters,0,5,27
Delhi,2009,Motor Cycles/ Scooters,438,1164,7843
Goa,2009,Motor Cycles/ Scooters,5,71,310
Gujarat,2009,Motor Cycles/ Scooters,918,2445,9821
Haryana,2009,Motor Cycles/ Scooters,307,1727,6070
Himachal Pradesh,2009,Motor Cycles/ Scooters,12,56,129
Jammu & Kashmir,2009,Motor Cycles/ Scooters,0,73,362
Jharkhand,2009,Motor Cycles/ Scooters,,477,2168
Karnataka,2009,Motor Cycles/ Scooters,227,2263,9724
Kerala,2009,Motor Cycles/ Scooters,24,550,1498
Lakshadweep,2009,Motor Cycles/ Scooters,0,1,1
Madhya Pradesh,2009,Motor Cycles/ Scooters,0,2027,9826
Maharashtra,2009,Motor Cycles/ Scooters,1083,3731,14723
Manipur,2009,Motor Cycles/ Scooters,5,5,253
Meghalaya,2009,Motor Cycles/ Scooters,3,7,99
Mizoram,2009,Motor Cycles/ Scooters,26,26,33
Nagaland,2009,Motor Cycles/ Scooters,,9,83
Odisha,2009,Motor Cycles/ Scooters,108,571,2081
Puducherry,2009,Motor Cycles/ Scooters,77,243,487
Punjab,2009,Motor Cycles/ Scooters,215,764,1746
Rajasthan,2009,Motor Cycles/ Scooters,374,1507,9787
Sikkim,2009,Motor Cycles/ Scooters,,,1
Tamil Nadu,2009,Motor Cycles/ Scooters,2800,3571,4865
Tripura,2009,Motor Cycles/ Scooters,,24,63
Uttar Pradesh,2009,Motor Cycles/ Scooters,212,1718,11181
Uttarakhand,2009,Motor Cycles/ Scooters,,193,556
West Bengal,2009,Motor Cycles/ Scooters,265,477,3034
Andaman & Nicobar Islands,2010,Motor Cycles/ Scooters,,12,21
Andhra Pradesh,2010,Motor Cycles/ Scooters,648,4298,6116
Arunachal Pradesh,2010,Motor Cycles/ Scooters,3,44,133
Assam,2010,Motor Cycles/ Scooters,26,126,458
Bihar,2010,Motor Cycles/ Scooters,5,324,3575
Chandigarh,2010,Motor Cycles/ Scooters,0,178,536
Chhattisgarh,2010,Motor Cycles/ Scooters,0,508,1848
Dadra & Nagar Haveli,2010,Motor Cycles/ Scooters,,8,23
Daman & Diu,2010,Motor Cycles/ Scooters,0,9,25
Delhi,2010,Motor Cycles/ Scooters,58,1225,9085
Goa,2010,Motor Cycles/ Scooters,7,125,337
Gujarat,2010,Motor Cycles/ Scooters,724,2122,8403
Haryana,2010,Motor Cycles/ Scooters,513,2248,8687
Himachal Pradesh,2010,Motor Cycles/ Scooters,0,48,137
Jammu & Kashmir,2010,Motor Cycles/ Scooters,5,94,510
Jharkhand,2010,Motor Cycles/ Scooters,27,373,2268
Karnataka,2010,Motor Cycles/ Scooters,263,2732,9001
Kerala,2010,Motor Cycles/ Scooters,2,495,1142
Madhya Pradesh,2010,Motor Cycles/ Scooters,196,2339,10870
Maharashtra,2010,Motor Cycles/ Scooters,932,3791,15126
Manipur,2010,Motor Cycles/ Scooters,12,12,236
Meghalaya,2010,Motor Cycles/ Scooters,0,21,99
Mizoram,2010,Motor Cycles/ Scooters,30,30,38
Nagaland,2010,Motor Cycles/ Scooters,0,12,140
Odisha,2010,Motor Cycles/ Scooters,4,673,2250
Puducherry,2010,Motor Cycles/ Scooters,156,156,371
Punjab,2010,Motor Cycles/ Scooters,390,812,1572
Rajasthan,2010,Motor Cycles/ Scooters,791,1715,11199
Sikkim,2010,Motor Cycles/ Scooters,,4,6
Tamil Nadu,2010,Motor Cycles/ Scooters,2368,3234,4791
Tripura,2010,Motor Cycles/ Scooters,,21,43
Uttar Pradesh,2010,Motor Cycles/ Scooters,394,1921,13168
Uttarakhand,2010,Motor Cycles/ Scooters,,203,727
West Bengal,2010,Motor Cycles/ Scooters,41,491,3539
Andhra Pradesh,2001,Motor Car/Taxi/Jeep,31,124,309
Arunachal Pradesh,2001,Motor Car/Taxi/Jeep,0,6,9
Assam,2001,Motor Car/Taxi/Jeep,0,4,15
Bihar,2001,Motor Car/Taxi/Jeep,7,43,175
Chandigarh,2001,Motor Car/Taxi/Jeep,0,90,206
Chhattisgarh,2001,Motor Car/Taxi/Jeep,3,47,105
Dadra & Nagar Haveli,2001,Motor Car/Taxi/Jeep,,1,2
Delhi,2001,Motor Car/Taxi/Jeep,113,1151,4075
Goa,2001,Motor Car/Taxi/Jeep,2,16,23
Gujarat,2001,Motor Car/Taxi/Jeep,36,130,460
Haryana,2001,Motor Car/Taxi/Jeep,32,457,843
Himachal Pradesh,2001,Motor Car/Taxi/Jeep,4,60,87
Jammu & Kashmir,2001,Motor Car/Taxi/Jeep,0,55,169
Jharkhand,2001,Motor Car/Taxi/Jeep,3,7,16
Karnataka,2001,Motor Car/Taxi/Jeep,43,183,597
Kerala,2001,Motor Car/Taxi/Jeep,17,132,499
Madhya Pradesh,2001,Motor Car/Taxi/Jeep,,118,289
Maharashtra,2001,Motor Car/Taxi/Jeep,466,595,1960
Manipur,2001,Motor Car/Taxi/Jeep,,1,6
Meghalaya,2001,Motor Car/Taxi/Jeep,0,4,20
Mizoram,2001,Motor Car/Taxi/Jeep,1,5,5
Nagaland,2001,Motor Car/Taxi/Jeep,0,14,64
Odisha,2001,Motor Car/Taxi/Jeep,0,15,43
Puducherry,2001,Motor Car/Taxi/Jeep,1,1,3
Punjab,2001,Motor Car/Taxi/Jeep,94,184,502
Rajasthan,2001,Motor Car/Taxi/Jeep,11,160,570
Sikkim,2001,Motor Car/Taxi/Jeep,,2,4
Tamil Nadu,2001,Motor Car/Taxi/Jeep,0,126,197
Uttar Pradesh,2001,Motor Car/Taxi/Jeep,18,366,1565
Uttarakhand,2001,Motor Car/Taxi/Jeep,,31,132
West Bengal,2001,Motor Car/Taxi/Jeep,0,251,499
Andhra Pradesh,2002,Motor Car/Taxi/Jeep,0,117,190
Arunachal Pradesh,2002,Motor Car/Taxi/Jeep,,2,2
Assam,2002,Motor Car/Taxi/Jeep,0,7,22
Bihar,2002,Motor Car/Taxi/Jeep,6,57,122
Chandigarh,2002,Motor Car/Taxi/Jeep,0,101,286
Chhattisgarh,2002,Motor Car/Taxi/Jeep,0,45,128
Dadra & Nagar Haveli,2002,Motor Car/Taxi/Jeep,0,1,6
Daman & Diu,2002,Motor Car/Taxi/Jeep,0,3,4
Delhi,2002,Motor Car/Taxi/Jeep,102,880,3632
Goa,2002,Motor Car/Taxi/Jeep,0,5,8
Gujarat,2002,Motor Car/Taxi/Jeep,29,172,565
Haryana,2002,Motor Car/Taxi/Jeep,0,410,780
Himachal Pradesh,2002,Motor Car/Taxi/Jeep,8,41,67
Jammu & Kashmir,2002,Motor Car/Taxi/Jeep,3,95,308
Jharkhand,2002,Motor Car/Taxi/Jeep,,43,104
Karnataka,2002,Motor Car/Taxi/Jeep,32,153,523
Kerala,2002,Motor Car/Taxi/Jeep,10,207,623
Madhya Pradesh,2002,Motor Car/Taxi/Jeep,3,126,318
Maharashtra,2002,Motor Car/Taxi/Jeep,68,497,1931
Manipur,2002,Motor Car/Taxi/Jeep,0,4,16
Meghalaya,2002,Motor Car/Taxi/Jeep,0,4,20
Mizoram,2002,Motor Car/Taxi/Jeep,,11,11
Nagaland,2002,Motor Car/Taxi/Jeep,0,6,50
Odisha,2002,Motor Car/Taxi/Jeep,4,19,45
Puducherry,2002,Motor Car/Taxi/Jeep,,4,5
Punjab,2002,Motor Car/Taxi/Jeep,171,236,477
Rajasthan,2002,Motor Car/Taxi/Jeep,19,178,594
Sikkim,2002,Motor Car/Taxi/Jeep,,5,5
Tamil Nadu,2002,Motor Car/Taxi/Jeep,2,120,158
Tripura,2002,Motor Car/Taxi/Jeep,,1,1
Uttar Pradesh,2002,Motor Car/Taxi/Jeep,2,440,1385
Uttarakhand,2002,Motor Car/Taxi/Jeep,,33,97
West Bengal,2002,Motor Car/Taxi/Jeep,64,211,586
Andaman & Nicobar Islands,2003,Motor Car/Taxi/Jeep,,,1
Andhra Pradesh,2003,Motor Car/Taxi/Jeep,2,127,366
Arunachal Pradesh,2003,Motor Car/Taxi/Jeep,0,1,1
Assam,2003,Motor Car/Taxi/Jeep,0,67,210
Bihar,2003,Motor Car/Taxi/Jeep,7,32,118
Chandigarh,2003,Motor Car/Taxi/Jeep,,149,284
Chhattisgarh,2003,Motor Car/Taxi/Jeep,0,45,101
Dadra & Nagar Haveli,2003,Motor Car/Taxi/Jeep,,4,4
Daman & Diu,2003,Motor Car/Taxi/Jeep,0,1,1
Delhi,2003,Motor Car/Taxi/Jeep,184,625,3626
Goa,2003,Motor Car/Taxi/Jeep,,2,8
Gujarat,2003,Motor Car/Taxi/Jeep,52,370,661
Haryana,2003,Motor Car/Taxi/Jeep,33,363,784
Himachal Pradesh,2003,Motor Car/Taxi/Jeep,1,48,92
Jammu & Kashmir,2003,Motor Car/Taxi/Jeep,2,53,206
Jharkhand,2003,Motor Car/Taxi/Jeep,0,66,191
Karnataka,2003,Motor Car/Taxi/Jeep,1,116,351
Kerala,2003,Motor Car/Taxi/Jeep,,170,512
Madhya Pradesh,2003,Motor Car/Taxi/Jeep,,379,714
Maharashtra,2003,Motor Car/Taxi/Jeep,170,446,1855
Manipur,2003,Motor Car/Taxi/Jeep,,7,13
Meghalaya,2003,Motor Car/Taxi/Jeep,0,9,61
Mizoram,2003,Motor Car/Taxi/Jeep,,20,20
Nagaland,2003,Motor Car/Taxi/Jeep,0,4,15
Odisha,2003,Motor Car/Taxi/Jeep,4,22,66
Puducherry,2003,Motor Car/Taxi/Jeep,,,7
Punjab,2003,Motor Car/Taxi/Jeep,105,169,457
Rajasthan,2003,Motor Car/Taxi/Jeep,23,186,665
Sikkim,2003,Motor Car/Taxi/Jeep,,3,3
Tamil Nadu,2003,Motor Car/Taxi/Jeep,54,109,166
Tripura,2003,Motor Car/Taxi/Jeep,,1,1
Uttar Pradesh,2003,Motor Car/Taxi/Jeep,1,400,1162
Uttarakhand,2003,Motor Car/Taxi/Jeep,,34,80
West Bengal,2003,Motor Car/Taxi/Jeep,115,168,392
Andhra Pradesh,2004,Motor Car/Taxi/Jeep,38,182,414
Arunachal Pradesh,2004,Motor Car/Taxi/Jeep,0,0,0
Assam,2004,Motor Car/Taxi/Jeep,,52,249
Bihar,2004,Motor Car/Taxi/Jeep,0,32,185
Chandigarh,2004,Motor Car/Taxi/Jeep,0,98,289
Chhattisgarh,2004,Motor Car/Taxi/Jeep,0,22,56
Dadra & Nagar Haveli,2004,Motor Car/Taxi/Jeep,,2,5
Daman & Diu,2004,Motor Car/Taxi/Jeep,,1,2
Delhi,2004,Motor Car/Taxi/Jeep,178,647,3850
Goa,2004,Motor Car/Taxi/Jeep,,4,9
Gujarat,2004,Motor Car/Taxi/Jeep,46,217,596
Haryana,2004,Motor Car/Taxi/Jeep,,379,929
Himachal Pradesh,2004,Motor Car/Taxi/Jeep,6,45,108
Jammu & Kashmir,2004,Motor Car/Taxi/Jeep,3,46,179
Jharkhand,2004,Motor Car/Taxi/Jeep,,43,104
Karnataka,2004,Motor Car/Taxi/Jeep,1,203,872
Kerala,2004,Motor Car/Taxi/Jeep,,208,437
Madhya Pradesh,2004,Motor Car/Taxi/Jeep,10,160,484
Maharashtra,2004,Motor Car/Taxi/Jeep,44,564,2136
Manipur,2004,Motor Car/Taxi/Jeep,0,0,2
Meghalaya,2004,Motor Car/Taxi/Jeep,0,23,91
Mizoram,2004,Motor Car/Taxi/Jeep,0,0,0
Nagaland,2004,Motor Car/Taxi/Jeep,11,10,49
Odisha,2004,Motor Car/Taxi/Jeep,4,13,21
Puducherry,2004,Motor Car/Taxi/Jeep,,2,4
Punjab,2004,Motor Car/Taxi/Jeep,108,160,440
Rajasthan,2004,Motor Car/Taxi/Jeep,13,266,859
Sikkim,2004,Motor Car/Taxi/Jeep,,3,3
Tamil Nadu,2004,Motor Car/Taxi/Jeep,71,95,128
Tripura,2004,Motor Car/Taxi/Jeep,,4,4
Uttar Pradesh,2004,Motor Car/Taxi/Jeep,60,343,1793
Uttarakhand,2004,Motor Car/Taxi/Jeep,,18,74
West Bengal,2004,Motor Car/Taxi/Jeep,0,104,250
Andhra Pradesh,2005,Motor Car/Taxi/Jeep,0,126,347
Arunachal Pradesh,2005,Motor Car/Taxi/Jeep,0,1,2
Assam,2005,Motor Car/Taxi/Jeep,3,72,247
Bihar,2005,Motor Car/Taxi/Jeep,0,21,83
Chandigarh,2005,Motor Car/Taxi/Jeep,0,64,201
Chhattisgarh,2005,Motor Car/Taxi/Jeep,0,47,83
Dadra & Nagar Haveli,2005,Motor Car/Taxi/Jeep,,,3
Daman & Diu,2005,Motor Car/Taxi/Jeep,,,4
Delhi,2005,Motor Car/Taxi/Jeep,85,784,3515
Goa,2005,Motor Car/Taxi/Jeep,0,9,31
Gujarat,2005,Motor Car/Taxi/Jeep,34,158,629
Haryana,2005,Motor Car/Taxi/Jeep,0,391,1142
Himachal Pradesh,2005,Motor Car/Taxi/Jeep,0,40,67
Jammu & Kashmir,2005,Motor Car/Taxi/Jeep,4,33,164
Jharkhand,2005,Motor Car/Taxi/Jeep,3,27,251
Karnataka,2005,Motor Car/Taxi/Jeep,8,211,606
Kerala,2005,Motor Car/Taxi/Jeep,,112,482
Madhya Pradesh,2005,Motor Car/Taxi/Jeep,0,225,554
Maharashtra,2005,Motor Car/Taxi/Jeep,63,378,2129
Manipur,2005,Motor Car/Taxi/Jeep,0,0,2
Meghalaya,2005,Motor Car/Taxi/Jeep,0,14,90
Mizoram,2005,Motor Car/Taxi/Jeep,0,0,0
Nagaland,2005,Motor Car/Taxi/Jeep,0,15,71
Odisha,2005,Motor Car/Taxi/Jeep,4,19,51
Puducherry,2005,Motor Car/Taxi/Jeep,3,3,9
Punjab,2005,Motor Car/Taxi/Jeep,88,147,357
Rajasthan,2005,Motor Car/Taxi/Jeep,18,247,809
Sikkim,2005,Motor Car/Taxi/Jeep,,3,4
Tamil Nadu,2005,Motor Car/Taxi/Jeep,54,60,93
Tripura,2005,Motor Car/Taxi/Jeep,,,1
Uttar Pradesh,2005,Motor Car/Taxi/Jeep,12,306,1477
Uttarakhand,2005,Motor Car/Taxi/Jeep,,20,102
West Bengal,2005,Motor Car/Taxi/Jeep,34,56,176
Andhra Pradesh,2006,Motor Car/Taxi/Jeep,19,175,434
Arunachal Pradesh,2006,Motor Car/Taxi/Jeep,0,0,0
Assam,2006,Motor Car/Taxi/Jeep,7,117,409
Bihar,2006,Motor Car/Taxi/Jeep,0,21,49
Chandigarh,2006,Motor Car/Taxi/Jeep,0,50,158
Chhattisgarh,2006,Motor Car/Taxi/Jeep,4,39,76
Dadra & Nagar Haveli,2006,Motor Car/Taxi/Jeep,0,1,3
Daman & Diu,2006,Motor Car/Taxi/Jeep,,4,14
Delhi,2006,Motor Car/Taxi/Jeep,88,620,4066
Goa,2006,Motor Car/Taxi/Jeep,3,11,43
Gujarat,2006,Motor Car/Taxi/Jeep,34,118,467
Haryana,2006,Motor Car/Taxi/Jeep,2,443,1438
Himachal Pradesh,2006,Motor Car/Taxi/Jeep,41,48,99
Jammu & Kashmir,2006,Motor Car/Taxi/Jeep,5,18,67
Jharkhand,2006,Motor Car/Taxi/Jeep,0,10,65
Karnataka,2006,Motor Car/Taxi/Jeep,11,126,503
Kerala,2006,Motor Car/Taxi/Jeep,2,107,519
Madhya Pradesh,2006,Motor Car/Taxi/Jeep,13,145,384
Maharashtra,2006,Motor Car/Taxi/Jeep,312,541,2252
Manipur,2006,Motor Car/Taxi/Jeep,0,0,9
Meghalaya,2006,Motor Car/Taxi/Jeep,0,6,66
Mizoram,2006,Motor Car/Taxi/Jeep,0,14,24
Nagaland,2006,Motor Car/Taxi/Jeep,13,16,43
Odisha,2006,Motor Car/Taxi/Jeep,15,35,96
Puducherry,2006,Motor Car/Taxi/Jeep,0,1,5
Punjab,2006,Motor Car/Taxi/Jeep,145,142,518
Rajasthan,2006,Motor Car/Taxi/Jeep,39,225,1035
Sikkim,2006,Motor Car/Taxi/Jeep,,5,5
Tamil Nadu,2006,Motor Car/Taxi/Jeep,87,93,131
Tripura,2006,Motor Car/Taxi/Jeep,,3,12
Uttar Pradesh,2006,Motor Car/Taxi/Jeep,6,390,1458
Uttarakhand,2006,Motor Car/Taxi/Jeep,0,29,101
West Bengal,2006,Motor Car/Taxi/Jeep,14,92,298
Andhra Pradesh,2007,Motor Car/Taxi/Jeep,0,149,298
Arunachal Pradesh,2007,Motor Car/Taxi/Jeep,3,4,12
Assam,2007,Motor Car/Taxi/Jeep,11,101,264
Bihar,2007,Motor Car/Taxi/Jeep,0,22,61
Chandigarh,2007,Motor Car/Taxi/Jeep,0,96,357
Chhattisgarh,2007,Motor Car/Taxi/Jeep,0,40,99
Dadra & Nagar Haveli,2007,Motor Car/Taxi/Jeep,,,1
Daman & Diu,2007,Motor Car/Taxi/Jeep,,2,5
Delhi,2007,Motor Car/Taxi/Jeep,49,536,3613
Goa,2007,Motor Car/Taxi/Jeep,2,9,32
Gujarat,2007,Motor Car/Taxi/Jeep,64,156,508
Haryana,2007,Motor Car/Taxi/Jeep,42,411,1237
Himachal Pradesh,2007,Motor Car/Taxi/Jeep,10,37,86
Jammu & Kashmir,2007,Motor Car/Taxi/Jeep,0,35,130
Jharkhand,2007,Motor Car/Taxi/Jeep,,77,365
Karnataka,2007,Motor Car/Taxi/Jeep,11,132,546
Kerala,2007,Motor Car/Taxi/Jeep,6,148,606
Madhya Pradesh,2007,Motor Car/Taxi/Jeep,25,177,469
Maharashtra,2007,Motor Car/Taxi/Jeep,217,467,2219
Manipur,2007,Motor Car/Taxi/Jeep,0,1,12
Meghalaya,2007,Motor Car/Taxi/Jeep,0,3,15
Mizoram,2007,Motor Car/Taxi/Jeep,0,10,15
Nagaland,2007,Motor Car/Taxi/Jeep,18,9,56
Odisha,2007,Motor Car/Taxi/Jeep,3,50,99
Puducherry,2007,Motor Car/Taxi/Jeep,,7,11
Punjab,2007,Motor Car/Taxi/Jeep,157,173,577
Rajasthan,2007,Motor Car/Taxi/Jeep,31,315,1130
Sikkim,2007,Motor Car/Taxi/Jeep,,5,6
Tamil Nadu,2007,Motor Car/Taxi/Jeep,70,74,100
Tripura,2007,Motor Car/Taxi/Jeep,,,2
Uttar Pradesh,2007,Motor Car/Taxi/Jeep,,348,1458
Uttarakhand,2007,Motor Car/Taxi/Jeep,28,28,119
West Bengal,2007,Motor Car/Taxi/Jeep,9,66,328
Andhra Pradesh,2008,Motor Car/Taxi/Jeep,0,165,300
Arunachal Pradesh,2008,Motor Car/Taxi/Jeep,0,10,17
Assam,2008,Motor Car/Taxi/Jeep,7,86,508
Bihar,2008,Motor Car/Taxi/Jeep,0,31,134
Chandigarh,2008,Motor Car/Taxi/Jeep,0,108,426
Chhattisgarh,2008,Motor Car/Taxi/Jeep,0,145,405
Dadra & Nagar Haveli,2008,Motor Car/Taxi/Jeep,,,1
Daman & Diu,2008,Motor Car/Taxi/Jeep,,3,8
Delhi,2008,Motor Car/Taxi/Jeep,1,486,4388
Goa,2008,Motor Car/Taxi/Jeep,,6,20
Gujarat,2008,Motor Car/Taxi/Jeep,55,103,593
Haryana,2008,Motor Car/Taxi/Jeep,53,434,1534
Himachal Pradesh,2008,Motor Car/Taxi/Jeep,18,39,119
Jammu & Kashmir,2008,Motor Car/Taxi/Jeep,0,30,163
Jharkhand,2008,Motor Car/Taxi/Jeep,,42,277
Karnataka,2008,Motor Car/Taxi/Jeep,34,234,813
Kerala,2008,Motor Car/Taxi/Jeep,13,92,452
Madhya Pradesh,2008,Motor Car/Taxi/Jeep,,157,454
Maharashtra,2008,Motor Car/Taxi/Jeep,86,256,2459
Manipur,2008,Motor Car/Taxi/Jeep,2,4,59
Meghalaya,2008,Motor Car/Taxi/Jeep,0,13,53
Mizoram,2008,Motor Car/Taxi/Jeep,0,12,15
Nagaland,2008,Motor Car/Taxi/Jeep,0,7,89
Odisha,2008,Motor Car/Taxi/Jeep,0,30,125
Puducherry,2008,Motor Car/Taxi/Jeep,,2,13
Punjab,2008,Motor Car/Taxi/Jeep,110,208,641
Rajasthan,2008,Motor Car/Taxi/Jeep,66,232,1223
Sikkim,2008,Motor Car/Taxi/Jeep,0,6,6
Tamil Nadu,2008,Motor Car/Taxi/Jeep,121,135,200
Tripura,2008,Motor Car/Taxi/Jeep,,2,3
Uttar Pradesh,2008,Motor Car/Taxi/Jeep,58,334,1546
Uttarakhand,2008,Motor Car/Taxi/Jeep,,26,124
West Bengal,2008,Motor Car/Taxi/Jeep,0,76,272
Andaman & Nicobar Islands,2009,Motor Car/Taxi/Jeep,,1,1
Andhra Pradesh,2009,Motor Car/Taxi/Jeep,49,253,436
Arunachal Pradesh,2009,Motor Car/Taxi/Jeep,2,4,26
Assam,2009,Motor Car/Taxi/Jeep,5,97,443
Bihar,2009,Motor Car/Taxi/Jeep,14,41,262
Chandigarh,2009,Motor Car/Taxi/Jeep,0,75,466
Chhattisgarh,2009,Motor Car/Taxi/Jeep,0,76,236
Dadra & Nagar Haveli,2009,Motor Car/Taxi/Jeep,,3,10
Daman & Diu,2009,Motor Car/Taxi/Jeep,,,4
Delhi,2009,Motor Car/Taxi/Jeep,289,580,4757
Goa,2009,Motor Car/Taxi/Jeep,1,4,19
Gujarat,2009,Motor Car/Taxi/Jeep,49,155,763
Haryana,2009,Motor Car/Taxi/Jeep,40,433,1587
Himachal Pradesh,2009,Motor Car/Taxi/Jeep,4,62,166
Jammu & Kashmir,2009,Motor Car/Taxi/Jeep,2,122,433
Jharkhand,2009,Motor Car/Taxi/Jeep,,74,295
Karnataka,2009,Motor Car/Taxi/Jeep,58,252,959
Kerala,2009,Motor Car/Taxi/Jeep,4,109,307
Lakshadweep,2009,Motor Car/Taxi/Jeep,0,4,4
Madhya Pradesh,2009,Motor Car/Taxi/Jeep,0,234,675
Maharashtra,2009,Motor Car/Taxi/Jeep,251,509,2523
Manipur,2009,Motor Car/Taxi/Jeep,1,1,51
Meghalaya,2009,Motor Car/Taxi/Jeep,0,12,59
Mizoram,2009,Motor Car/Taxi/Jeep,6,6,8
Nagaland,2009,Motor Car/Taxi/Jeep,,21,103
Odisha,2009,Motor Car/Taxi/Jeep,7,74,358
Puducherry,2009,Motor Car/Taxi/Jeep,,3,9
Punjab,2009,Motor Car/Taxi/Jeep,41,248,870
Rajasthan,2009,Motor Car/Taxi/Jeep,158,321,1654
Sikkim,2009,Motor Car/Taxi/Jeep,,4,7
Tamil Nadu,2009,Motor Car/Taxi/Jeep,104,140,194
Tripura,2009,Motor Car/Taxi/Jeep,0,1,4
Uttar Pradesh,2009,Motor Car/Taxi/Jeep,41,320,2718
Uttarakhand,2009,Motor Car/Taxi/Jeep,,26,106
West Bengal,2009,Motor Car/Taxi/Jeep,64,86,401
Andhra Pradesh,2010,Motor Car/Taxi/Jeep,203,530,602
Arunachal Pradesh,2010,Motor Car/Taxi/Jeep,0,2,5
Assam,2010,Motor Car/Taxi/Jeep,7,32,103
Bihar,2010,Motor Car/Taxi/Jeep,,45,360
Chandigarh,2010,Motor Car/Taxi/Jeep,0,75,355
Chhattisgarh,2010,Motor Car/Taxi/Jeep,0,52,152
Dadra & Nagar Haveli,2010,Motor Car/Taxi/Jeep,,1,6
Daman & Diu,2010,Motor Car/Taxi/Jeep,0,1,2
Delhi,2010,Motor Car/Taxi/Jeep,24,594,5281
Goa,2010,Motor Car/Taxi/Jeep,3,9,20
Gujarat,2010,Motor Car/Taxi/Jeep,58,170,843
Haryana,2010,Motor Car/Taxi/Jeep,61,499,1918
Himachal Pradesh,2010,Motor Car/Taxi/Jeep,0,61,161
Jammu & Kashmir,2010,Motor Car/Taxi/Jeep,5,93,334
Jharkhand,2010,Motor Car/Taxi/Jeep,3,54,368
Karnataka,2010,Motor Car/Taxi/Jeep,45,442,1087
Kerala,2010,Motor Car/Taxi/Jeep,1,56,180
Madhya Pradesh,2010,Motor Car/Taxi/Jeep,46,299,780
Maharashtra,2010,Motor Car/Taxi/Jeep,238,571,2612
Manipur,2010,Motor Car/Taxi/Jeep,4,4,47
Meghalaya,2010,Motor Car/Taxi/Jeep,0,19,43
Mizoram,2010,Motor Car/Taxi/Jeep,13,13,18
Nagaland,2010,Motor Car/Taxi/Jeep,2,12,81
Odisha,2010,Motor Car/Taxi/Jeep,0,82,181
Puducherry,2010,Motor Car/Taxi/Jeep,4,4,12
Punjab,2010,Motor Car/Taxi/Jeep,92,315,943
Rajasthan,2010,Motor Car/Taxi/Jeep,189,256,1491
Sikkim,2010,Motor Car/Taxi/Jeep,,2,2
Tamil Nadu,2010,Motor Car/Taxi/Jeep,119,185,265
Tripura,2010,Motor Car/Taxi/Jeep,,2,2
Uttar Pradesh,2010,Motor Car/Taxi/Jeep,65,374,3046
Uttarakhand,2010,Motor Car/Taxi/Jeep,,26,96
West Bengal,2010,Motor Car/Taxi/Jeep,4,89,401
Andhra Pradesh,2001,Buses,0,3,5
Arunachal Pradesh,2001,Buses,0,0,0
Assam,2001,Buses,0,0,0
Bihar,2001,Buses,0,0,0
Chandigarh,2001,Buses,0,0,0
Chhattisgarh,2001,Buses,0,0,0
Delhi,2001,Buses,,14,37
Gujarat,2001,Buses,1,3,3
Haryana,2001,Buses,0,7,12
Himachal Pradesh,2001,Buses,0,1,1
Jammu & Kashmir,2001,Buses,0,1,4
Jharkhand,2001,Buses,1,1,2
Karnataka,2001,Buses,1,4,5
Kerala,2001,Buses,,25,42
Madhya Pradesh,2001,Buses,,,4
Maharashtra,2001,Buses,3,7,11
Meghalaya,2001,Buses,0,1,1
Mizoram,2001,Buses,0,0,0
Nagaland,2001,Buses,0,0,0
Odisha,2001,Buses,0,0,0
Punjab,2001,Buses,1,7,23
Rajasthan,2001,Buses,,32,41
Tamil Nadu,2001,Buses,0,7,8
Uttar Pradesh,2001,Buses,,6,17
Uttarakhand,2001,Buses,,1,1
West Bengal,2001,Buses,0,0,1
Andhra Pradesh,2002,Buses,0,5,5
Assam,2002,Buses,0,0,0
Bihar,2002,Buses,0,0,0
Chhattisgarh,2002,Buses,0,0,0
Daman & Diu,2002,Buses,0,0,0
Delhi,2002,Buses,4,10,27
Goa,2002,Buses,,1,1
Gujarat,2002,Buses,1,4,36
Haryana,2002,Buses,0,11,16
Himachal Pradesh,2002,Buses,0,0,0
Jammu & Kashmir,2002,Buses,0,5,5
Karnataka,2002,Buses,0,1,1
Kerala,2002,Buses,2,10,19
Madhya Pradesh,2002,Buses,0,9,15
Maharashtra,2002,Buses,1,6,13
Meghalaya,2002,Buses,0,0,0
Nagaland,2002,Buses,0,0,0
Odisha,2002,Buses,0,0,0
Punjab,2002,Buses,1,5,5
Rajasthan,2002,Buses,,22,29
Tamil Nadu,2002,Buses,0,1,2
Uttar Pradesh,2002,Buses,1,19,25
West Bengal,2002,Buses,0,0,8
Andhra Pradesh,2003,Buses,0,4,6
Arunachal Pradesh,2003,Buses,0,0,0
Assam,2003,Buses,0,0,0
Bihar,2003,Buses,0,0,0
Chandigarh,2003,Buses,0,0,0
Chhattisgarh,2003,Buses,0,0,0
Daman & Diu,2003,Buses,0,0,0
Delhi,2003,Buses,1,5,18
Gujarat,2003,Buses,2,4,36
Haryana,2003,Buses,2,20,32
Himachal Pradesh,2003,Buses,0,0,0
Jammu & Kashmir,2003,Buses,0,0,0
Jharkhand,2003,Buses,0,0,0
Karnataka,2003,Buses,0,2,4
Kerala,2003,Buses,,2,4
Maharashtra,2003,Buses,1,5,15
Meghalaya,2003,Buses,0,0,0
Nagaland,2003,Buses,0,0,0
Odisha,2003,Buses,0,0,0
Punjab,2003,Buses,1,9,17
Rajasthan,2003,Buses,0,24,38
Tamil Nadu,2003,Buses,0,2,2
Uttar Pradesh,2003,Buses,2,19,34
West Bengal,2003,Buses,0,0,1
Andhra Pradesh,2004,Buses,2,6,15
Arunachal Pradesh,2004,Buses,0,0,0
Assam,2004,Buses,,4,21
Bihar,2004,Buses,0,0,0
Chandigarh,2004,Buses,0,1,2
Chhattisgarh,2004,Buses,0,0,0
Delhi,2004,Buses,2,3,10
Gujarat,2004,Buses,1,24,46
Haryana,2004,Buses,,2,2
Himachal Pradesh,2004,Buses,0,1,1
Karnataka,2004,Buses,1,9,12
Kerala,2004,Buses,,4,4
Madhya Pradesh,2004,Buses,0,2,7
Maharashtra,2004,Buses,0,9,21
Manipur,2004,Buses,0,0,0
Meghalaya,2004,Buses,0,0,0
Mizoram,2004,Buses,0,0,0
Nagaland,2004,Buses,0,0,0
Odisha,2004,Buses,0,2,35
Puducherry,2004,Buses,,1,1
Punjab,2004,Buses,0,1,1
Rajasthan,2004,Buses,,11,12
Sikkim,2004,Buses,,0,0
Tamil Nadu,2004,Buses,2,2,2
Uttar Pradesh,2004,Buses,,14,24
Uttarakhand,2004,Buses,,1,1
West Bengal,2004,Buses,0,0,0
Andhra Pradesh,2005,Buses,0,0,0
Arunachal Pradesh,2005,Buses,0,0,0
Assam,2005,Buses,0,6,1
Bihar,2005,Buses,0,0,0
Chandigarh,2005,Buses,0,0,0
Chhattisgarh,2005,Buses,0,0,0
Delhi,2005,Buses,,4,7
Gujarat,2005,Buses,0,24,55
Haryana,2005,Buses,0,9,13
Himachal Pradesh,2005,Buses,0,1,1
Jammu & Kashmir,2005,Buses,0,0,0
Jharkhand,2005,Buses,0,0,2
Karnataka,2005,Buses,0,2,4
Kerala,2005,Buses,,11,24
Madhya Pradesh,2005,Buses,0,0,0
Maharashtra,2005,Buses,3,10,13
Manipur,2005,Buses,0,0,0
Meghalaya,2005,Buses,0,0,0
Mizoram,2005,Buses,0,0,0
Nagaland,2005,Buses,0,0,0
Odisha,2005,Buses,0,0,0
Punjab,2005,Buses,0,5,4
Rajasthan,2005,Buses,,11,25
Tamil Nadu,2005,Buses,1,1,1
Uttar Pradesh,2005,Buses,0,30,72
West Bengal,2005,Buses,0,0,0
Andhra Pradesh,2006,Buses,2,14,24
Arunachal Pradesh,2006,Buses,0,0,0
Assam,2006,Buses,0,4,4
Bihar,2006,Buses,0,0,2
Chandigarh,2006,Buses,0,0,0
Chhattisgarh,2006,Buses,0,18,28
Delhi,2006,Buses,,1,5
Gujarat,2006,Buses,1,3,8
Haryana,2006,Buses,,10,14
Himachal Pradesh,2006,Buses,3,3,3
Jammu & Kashmir,2006,Buses,0,0,0
Jharkhand,2006,Buses,0,0,1
Karnataka,2006,Buses,0,4,15
Kerala,2006,Buses,,6,15
Madhya Pradesh,2006,Buses,0,0,0
Maharashtra,2006,Buses,7,20,46
Manipur,2006,Buses,0,0,0
Meghalaya,2006,Buses,0,0,0
Mizoram,2006,Buses,0,1,1
Nagaland,2006,Buses,0,0,0
Odisha,2006,Buses,0,0,0
Punjab,2006,Buses,,2,2
Rajasthan,2006,Buses,,12,24
Uttar Pradesh,2006,Buses,0,36,68
West Bengal,2006,Buses,0,0,1
Andhra Pradesh,2007,Buses,0,2,2
Arunachal Pradesh,2007,Buses,0,0,0
Assam,2007,Buses,0,6,8
Bihar,2007,Buses,0,0,0
Chandigarh,2007,Buses,0,0,0
Chhattisgarh,2007,Buses,0,0,0
Delhi,2007,Buses,,2,10
Gujarat,2007,Buses,5,10,22
Haryana,2007,Buses,2,5,7
Himachal Pradesh,2007,Buses,2,9,17
Jammu & Kashmir,2007,Buses,0,2,5
Karnataka,2007,Buses,1,13,25
Kerala,2007,Buses,,7,10
Madhya Pradesh,2007,Buses,8,19,24
Maharashtra,2007,Buses,1,7,28
Manipur,2007,Buses,0,0,0
Meghalaya,2007,Buses,0,0,0
Mizoram,2007,Buses,0,0,0
Nagaland,2007,Buses,0,0,0
Odisha,2007,Buses,0,0,0
Punjab,2007,Buses,2,4,5
Rajasthan,2007,Buses,,11,13
Tamil Nadu,2007,Buses,2,3,3
Uttar Pradesh,2007,Buses,,23,51
West Bengal,2007,Buses,0,2,2
Andaman & Nicobar Islands,2008,Buses,,1,1
Andhra Pradesh,2008,Buses,0,3,3
Arunachal Pradesh,2008,Buses,0,0,0
Assam,2008,Buses,0,2,4
Bihar,2008,Buses,0,0,2
Chandigarh,2008,Buses,0,0,1
Chhattisgarh,2008,Buses,0,0,0
Delhi,2008,Buses,,1,8
Goa,2008,Buses,,1,1
Gujarat,2008,Buses,8,10,21
Haryana,2008,Buses,1,7,8
Himachal Pradesh,2008,Buses,0,0,0
Jammu & Kashmir,2008,Buses,0,0,0
Jharkhand,2008,Buses,,,1
Karnataka,2008,Buses,1,3,4
Kerala,2008,Buses,,3,5
Maharashtra,2008,Buses,2,3,22
Manipur,2008,Buses,0,0,0
Meghalaya,2008,Buses,0,0,0
Mizoram,2008,Buses,0,0,0
Nagaland,2008,Buses,0,0,0
Odisha,2008,Buses,0,0,0
Punjab,2008,Buses,,4,2
Rajasthan,2008,Buses,4,44,97
Tamil Nadu,2008,Buses,0,0,0
Uttar Pradesh,2008,Buses,,9,17
West Bengal,2008,Buses,0,0,0
Andhra Pradesh,2009,Buses,0,1,1
Arunachal Pradesh,2009,Buses,0,0,0
Assam,2009,Buses,0,3,3
Bihar,2009,Buses,0,0,1
Chandigarh,2009,Buses,0,0,1
Chhattisgarh,2009,Buses,0,0,0
Delhi,2009,Buses,1,,13
Goa,2009,Buses,1,,1
Gujarat,2009,Buses,3,6,11
Haryana,2009,Buses,1,6,6
Himachal Pradesh,2009,Buses,0,0,0
Jammu & Kashmir,2009,Buses,0,0,0
Jharkhand,2009,Buses,,,1
Karnataka,2009,Buses,1,0,5
Kerala,2009,Buses,0,3,3
Madhya Pradesh,2009,Buses,0,0,0
Maharashtra,2009,Buses,2,6,10
Manipur,2009,Buses,0,0,0
Meghalaya,2009,Buses,0,0,0
Odisha,2009,Buses,0,0,0
Punjab,2009,Buses,,1,1
Rajasthan,2009,Buses,,4,5
Tamil Nadu,2009,Buses,4,4,4
Tripura,2009,Buses,0,1,1
Uttar Pradesh,2009,Buses,,6,20
West Bengal,2009,Buses,0,1,1
Andhra Pradesh,2010,Buses,6,49,65
Arunachal Pradesh,2010,Buses,0,0,0
Assam,2010,Buses,0,2,2
Chandigarh,2010,Buses,0,0,0
Chhattisgarh,2010,Buses,0,0,0
Delhi,2010,Buses,,1,6
Gujarat,2010,Buses,0,0,1
Haryana,2010,Buses,1,3,9
Himachal Pradesh,2010,Buses,0,0,0
Jammu & Kashmir,2010,Buses,0,4,5
Jharkhand,2010,Buses,0,0,0
Karnataka,2010,Buses,0,1,1
Kerala,2010,Buses,0,0,0
Maharashtra,2010,Buses,3,6,11
Manipur,2010,Buses,0,0,0
Meghalaya,2010,Buses,0,0,0
Mizoram,2010,Buses,0,0,0
Nagaland,2010,Buses,0,0,0
Odisha,2010,Buses,0,1,0
Punjab,2010,Buses,1,6,8
Rajasthan,2010,Buses,1,9,26
Tamil Nadu,2010,Buses,1,1,1
Uttar Pradesh,2010,Buses,0,5,10
Uttarakhand,2010,Buses,,1,1
West Bengal,2010,Buses,0,1,1
Andhra Pradesh,2001,Goods carrying vehicles (Trucks/Tempo etc),0,0,1
Arunachal Pradesh,2001,Goods carrying vehicles (Trucks/Tempo etc),0,0,0
Assam,2001,Goods carrying vehicles (Trucks/Tempo etc),0,0,0
Bihar,2001,Goods carrying vehicles (Trucks/Tempo etc),0,0,7
Chandigarh,2001,Goods carrying vehicles (Trucks/Tempo etc),0,3,7
Chhattisgarh,2001,Goods carrying vehicles (Trucks/Tempo etc),2,8,8
Delhi,2001,Goods carrying vehicles (Trucks/Tempo etc),3,33,122
Goa,2001,Goods carrying vehicles (Trucks/Tempo etc),,2,3
Gujarat,2001,Goods carrying vehicles (Trucks/Tempo etc),16,29,53
Haryana,2001,Goods carrying vehicles (Trucks/Tempo etc),3,57,71
Himachal Pradesh,2001,Goods carrying vehicles (Trucks/Tempo etc),1,6,10
Jammu & Kashmir,2001,Goods carrying vehicles (Trucks/Tempo etc),0,0,0
Jharkhand,2001,Goods carrying vehicles (Trucks/Tempo etc),1,2,8
Karnataka,2001,Goods carrying vehicles (Trucks/Tempo etc),5,23,65
Kerala,2001,Goods carrying vehicles (Trucks/Tempo etc),3,20,58
Madhya Pradesh,2001,Goods carrying vehicles (Trucks/Tempo etc),,5,19
Maharashtra,2001,Goods carrying vehicles (Trucks/Tempo etc),47,123,263
Meghalaya,2001,Goods carrying vehicles (Trucks/Tempo etc),0,4,8
Mizoram,2001,Goods carrying vehicles (Trucks/Tempo etc),0,1,1
Nagaland,2001,Goods carrying vehicles (Trucks/Tempo etc),0,0,0
Odisha,2001,Goods carrying vehicles (Trucks/Tempo etc),0,4,6
Punjab,2001,Goods carrying vehicles (Trucks/Tempo etc),9,32,83
Rajasthan,2001,Goods carrying vehicles (Trucks/Tempo etc),9,35,71
Tamil Nadu,2001,Goods carrying vehicles (Trucks/Tempo etc),,18,22
Uttar Pradesh,2001,Goods carrying vehicles (Trucks/Tempo etc),2,11,29
Uttarakhand,2001,Goods carrying vehicles (Trucks/Tempo etc),,3,5
West Bengal,2001,Goods carrying vehicles (Trucks/Tempo etc),0,0,2
Andhra Pradesh,2002,Goods carrying vehicles (Trucks/Tempo etc),0,7,7
Assam,2002,Goods carrying vehicles (Trucks/Tempo etc),0,0,0
Bihar,2002,Goods carrying vehicles (Trucks/Tempo etc),0,8,9
Chandigarh,2002,Goods carrying vehicles (Trucks/Tempo etc),0,3,3
Chhattisgarh,2002,Goods carrying vehicles (Trucks/Tempo etc),0,3,3
Daman & Diu,2002,Goods carrying vehicles (Trucks/Tempo etc),0,0,0
Delhi,2002,Goods carrying vehicles (Trucks/Tempo etc),19,94,227
Goa,2002,Goods carrying vehicles (Trucks/Tempo etc),0,3,4
Gujarat,2002,Goods carrying vehicles (Trucks/Tempo etc),11,17,45
Haryana,2002,Goods carrying vehicles (Trucks/Tempo etc),0,83,106
Himachal Pradesh,2002,Goods carrying vehicles (Trucks/Tempo etc),0,12,20
Jammu & Kashmir,2002,Goods carrying vehicles (Trucks/Tempo etc),0,13,26
Karnataka,2002,Goods carrying vehicles (Trucks/Tempo etc),7,23,40
Kerala,2002,Goods carrying vehicles (Trucks/Tempo etc),2,7,18
Madhya Pradesh,2002,Goods carrying vehicles (Trucks/Tempo etc),0,0,0
Maharashtra,2002,Goods carrying vehicles (Trucks/Tempo etc),18,107,184
Meghalaya,2002,Goods carrying vehicles (Trucks/Tempo etc),0,1,2
Nagaland,2002,Goods carrying vehicles (Trucks/Tempo etc),0,0,3
Odisha,2002,Goods carrying vehicles (Trucks/Tempo etc),0,0,0
Punjab,2002,Goods carrying vehicles (Trucks/Tempo etc),41,51,80
Rajasthan,2002,Goods carrying vehicles (Trucks/Tempo etc),1,38,55
Tamil Nadu,2002,Goods carrying vehicles (Trucks/Tempo etc),0,15,20
Uttar Pradesh,2002,Goods carrying vehicles (Trucks/Tempo etc),,27,44
West Bengal,2002,Goods carrying vehicles (Trucks/Tempo etc),2,4,37
Andhra Pradesh,2003,Goods carrying vehicles (Trucks/Tempo etc),0,9,17
Arunachal Pradesh,2003,Goods carrying vehicles (Trucks/Tempo etc),0,0,0
Assam,2003,Goods carrying vehicles (Trucks/Tempo etc),0,0,0
Bihar,2003,Goods carrying vehicles (Trucks/Tempo etc),0,4,7
Chandigarh,2003,Goods carrying vehicles (Trucks/Tempo etc),0,4,6
Chhattisgarh,2003,Goods carrying vehicles (Trucks/Tempo etc),0,0,2
Daman & Diu,2003,Goods carrying vehicles (Trucks/Tempo etc),0,0,0
Delhi,2003,Goods carrying vehicles (Trucks/Tempo etc),14,25,113
Goa,2003,Goods carrying vehicles (Trucks/Tempo etc),,2,2
Gujarat,2003,Goods carrying vehicles (Trucks/Tempo etc),22,26,49
Haryana,2003,Goods carrying vehicles (Trucks/Tempo etc),15,107,139
Himachal Pradesh,2003,Goods carrying vehicles (Trucks/Tempo etc),0,29,43
Jammu & Kashmir,2003,Goods carrying vehicles (Trucks/Tempo etc),0,0,0
Jharkhand,2003,Goods carrying vehicles (Trucks/Tempo etc),0,0,0
Karnataka,2003,Goods carrying vehicles (Trucks/Tempo etc),3,26,47
Kerala,2003,Goods carrying vehicles (Trucks/Tempo etc),,5,20
Madhya Pradesh,2003,Goods carrying vehicles (Trucks/Tempo etc),,8,12
Maharashtra,2003,Goods carrying vehicles (Trucks/Tempo etc),29,126,220
Meghalaya,2003,Goods carrying vehicles (Trucks/Tempo etc),0,0,1
Nagaland,2003,Goods carrying vehicles (Trucks/Tempo etc),0,1,1
Odisha,2003,Goods carrying vehicles (Trucks/Tempo etc),2,4,4
Puducherry,2003,Goods carrying vehicles (Trucks/Tempo etc),1,1,2
Punjab,2003,Goods carrying vehicles (Trucks/Tempo etc),37,56,92
Rajasthan,2003,Goods carrying vehicles (Trucks/Tempo etc),1,18,46
Tamil Nadu,2003,Goods carrying vehicles (Trucks/Tempo etc),18,36,36
Uttar Pradesh,2003,Goods carrying vehicles (Trucks/Tempo etc),,20,34
Uttarakhand,2003,Goods carrying vehicles (Trucks/Tempo etc),0,1,2
West Bengal,2003,Goods carrying vehicles (Trucks/Tempo etc),4,7,17
Andhra Pradesh,2004,Goods carrying vehicles (Trucks/Tempo etc),0,3,16
Arunachal Pradesh,2004,Goods carrying vehicles (Trucks/Tempo etc),0,0,0
Assam,2004,Goods carrying vehicles (Trucks/Tempo etc),,,2
Bihar,2004,Goods carrying vehicles (Trucks/Tempo etc),0,7,16
Chandigarh,2004,Goods carrying vehicles (Trucks/Tempo etc),0,3,7
Chhattisgarh,2004,Goods carrying vehicles (Trucks/Tempo etc),0,0,0
Delhi,2004,Goods carrying vehicles (Trucks/Tempo etc),31,152,264
Goa,2004,Goods carrying vehicles (Trucks/Tempo etc),,1,3
Gujarat,2004,Goods carrying vehicles (Trucks/Tempo etc),16,22,44
Haryana,2004,Goods carrying vehicles (Trucks/Tempo etc),,180,288
Himachal Pradesh,2004,Goods carrying vehicles (Trucks/Tempo etc),0,3,11
Jammu & Kashmir,2004,Goods carrying vehicles (Trucks/Tempo etc),,1,1
Karnataka,2004,Goods carrying vehicles (Trucks/Tempo etc),5,21,52
Kerala,2004,Goods carrying vehicles (Trucks/Tempo etc),,16,42
Madhya Pradesh,2004,Goods carrying vehicles (Trucks/Tempo etc),3,44,69
Maharashtra,2004,Goods carrying vehicles (Trucks/Tempo etc),30,141,250
Manipur,2004,Goods carrying vehicles (Trucks/Tempo etc),0,1,1
Meghalaya,2004,Goods carrying vehicles (Trucks/Tempo etc),0,3,7
Mizoram,2004,Goods carrying vehicles (Trucks/Tempo etc),0,0,0
Nagaland,2004,Goods carrying vehicles (Trucks/Tempo etc),0,1,1
Odisha,2004,Goods carrying vehicles (Trucks/Tempo etc),0,0,0
Puducherry,2004,Goods carrying vehicles (Trucks/Tempo etc),,2,2
Punjab,2004,Goods carrying vehicles (Trucks/Tempo etc),11,31,59
Rajasthan,2004,Goods carrying vehicles (Trucks/Tempo etc),1,30,60
Tamil Nadu,2004,Goods carrying vehicles (Trucks/Tempo etc),25,25,29
Tripura,2004,Goods carrying vehicles (Trucks/Tempo etc),,2,4
Uttar Pradesh,2004,Goods carrying vehicles (Trucks/Tempo etc),,24,60
Uttarakhand,2004,Goods carrying vehicles (Trucks/Tempo etc),,,2
West Bengal,2004,Goods carrying vehicles (Trucks/Tempo etc),0,2,7
Andhra Pradesh,2005,Goods carrying vehicles (Trucks/Tempo etc),0,32,60
Arunachal Pradesh,2005,Goods carrying vehicles (Trucks/Tempo etc),0,0,0
Assam,2005,Goods carrying vehicles (Trucks/Tempo etc),1,5,134
Bihar,2005,Goods carrying vehicles (Trucks/Tempo etc),0,3,6
Chandigarh,2005,Goods carrying vehicles (Trucks/Tempo etc),0,3,4
Chhattisgarh,2005,Goods carrying vehicles (Trucks/Tempo etc),0,0,0
Dadra & Nagar Haveli,2005,Goods carrying vehicles (Trucks/Tempo etc),,5,5
Delhi,2005,Goods carrying vehicles (Trucks/Tempo etc),10,52,251
Goa,2005,Goods carrying vehicles (Trucks/Tempo etc),0,3,6
Gujarat,2005,Goods carrying vehicles (Trucks/Tempo etc),15,13,35
Haryana,2005,Goods carrying vehicles (Trucks/Tempo etc),0,112,192
Himachal Pradesh,2005,Goods carrying vehicles (Trucks/Tempo etc),0,13,23
Jammu & Kashmir,2005,Goods carrying vehicles (Trucks/Tempo etc),0,4,6
Jharkhand,2005,Goods carrying vehicles (Trucks/Tempo etc),1,1,8
Karnataka,2005,Goods carrying vehicles (Trucks/Tempo etc),5,26,70
Kerala,2005,Goods carrying vehicles (Trucks/Tempo etc),2,22,73
Madhya Pradesh,2005,Goods carrying vehicles (Trucks/Tempo etc),0,0,0
Maharashtra,2005,Goods carrying vehicles (Trucks/Tempo etc),26,85,266
Manipur,2005,Goods carrying vehicles (Trucks/Tempo etc),0,0,0
Meghalaya,2005,Goods carrying vehicles (Trucks/Tempo etc),0,2,2
Mizoram,2005,Goods carrying vehicles (Trucks/Tempo etc),0,0,0
Nagaland,2005,Goods carrying vehicles (Trucks/Tempo etc),0,0,0
Odisha,2005,Goods carrying vehicles (Trucks/Tempo etc),0,4,7
Punjab,2005,Goods carrying vehicles (Trucks/Tempo etc),8,26,75
Rajasthan,2005,Goods carrying vehicles (Trucks/Tempo etc),3,50,109
Tamil Nadu,2005,Goods carrying vehicles (Trucks/Tempo etc),21,21,24
Tripura,2005,Goods carrying vehicles (Trucks/Tempo etc),,2,2
Uttar Pradesh,2005,Goods carrying vehicles (Trucks/Tempo etc),1,34,65
Uttarakhand,2005,Goods carrying vehicles (Trucks/Tempo etc),,2,8
West Bengal,2005,Goods carrying vehicles (Trucks/Tempo etc),4,5,12
Andhra Pradesh,2006,Goods carrying vehicles (Trucks/Tempo etc),0,17,23
Arunachal Pradesh,2006,Goods carrying vehicles (Trucks/Tempo etc),0,0,0
Assam,2006,Goods carrying vehicles (Trucks/Tempo etc),3,15,108
Bihar,2006,Goods carrying vehicles (Trucks/Tempo etc),0,4,4
Chandigarh,2006,Goods carrying vehicles (Trucks/Tempo etc),0,1,2
Chhattisgarh,2006,Goods carrying vehicles (Trucks/Tempo etc),0,0,0
Delhi,2006,Goods carrying vehicles (Trucks/Tempo etc),7,10,164
Goa,2006,Goods carrying vehicles (Trucks/Tempo etc),,7,13
Gujarat,2006,Goods carrying vehicles (Trucks/Tempo etc),5,11,33
Haryana,2006,Goods carrying vehicles (Trucks/Tempo etc),,138,259
Himachal Pradesh,2006,Goods carrying vehicles (Trucks/Tempo etc),3,4,8
Jammu & Kashmir,2006,Goods carrying vehicles (Trucks/Tempo etc),0,8,14
Jharkhand,2006,Goods carrying vehicles (Trucks/Tempo etc),0,10,33
Karnataka,2006,Goods carrying vehicles (Trucks/Tempo etc),2,34,62
Kerala,2006,Goods carrying vehicles (Trucks/Tempo etc),2,52,133
Madhya Pradesh,2006,Goods carrying vehicles (Trucks/Tempo etc),0,0,0
Maharashtra,2006,Goods carrying vehicles (Trucks/Tempo etc),38,108,267
Manipur,2006,Goods carrying vehicles (Trucks/Tempo etc),0,0,0
Meghalaya,2006,Goods carrying vehicles (Trucks/Tempo etc),0,0,0
Mizoram,2006,Goods carrying vehicles (Trucks/Tempo etc),0,1,1
Nagaland,2006,Goods carrying vehicles (Trucks/Tempo etc),0,0,1
Odisha,2006,Goods carrying vehicles (Trucks/Tempo etc),0,3,4
Puducherry,2006,Goods carrying vehicles (Trucks/Tempo etc),0,8,9
Punjab,2006,Goods carrying vehicles (Trucks/Tempo etc),32,56,106
Rajasthan,2006,Goods carrying vehicles (Trucks/Tempo etc),,32,91
Sikkim,2006,Goods carrying vehicles (Trucks/Tempo etc),,2,2
Tamil Nadu,2006,Goods carrying vehicles (Trucks/Tempo etc),17,17,17
Uttar Pradesh,2006,Goods carrying vehicles (Trucks/Tempo etc),1,23,50
Uttarakhand,2006,Goods carrying vehicles (Trucks/Tempo etc),0,6,12
West Bengal,2006,Goods carrying vehicles (Trucks/Tempo etc),0,14,44
Andhra Pradesh,2007,Goods carrying vehicles (Trucks/Tempo etc),0,29,44
Arunachal Pradesh,2007,Goods carrying vehicles (Trucks/Tempo etc),0,0,0
Assam,2007,Goods carrying vehicles (Trucks/Tempo etc),6,31,136
Bihar,2007,Goods carrying vehicles (Trucks/Tempo etc),0,4,5
Chandigarh,2007,Goods carrying vehicles (Trucks/Tempo etc),0,5,17
Chhattisgarh,2007,Goods carrying vehicles (Trucks/Tempo etc),0,0,0
Dadra & Nagar Haveli,2007,Goods carrying vehicles (Trucks/Tempo etc),,1,2
Daman & Diu,2007,Goods carrying vehicles (Trucks/Tempo etc),,,1
Delhi,2007,Goods carrying vehicles (Trucks/Tempo etc),2,13,153
Goa,2007,Goods carrying vehicles (Trucks/Tempo etc),,3,8
Gujarat,2007,Goods carrying vehicles (Trucks/Tempo etc),8,10,33
Haryana,2007,Goods carrying vehicles (Trucks/Tempo etc),7,161,421
Himachal Pradesh,2007,Goods carrying vehicles (Trucks/Tempo etc),0,15,41
Jammu & Kashmir,2007,Goods carrying vehicles (Trucks/Tempo etc),0,14,19
Jharkhand,2007,Goods carrying vehicles (Trucks/Tempo etc),,0,0
Karnataka,2007,Goods carrying vehicles (Trucks/Tempo etc),3,31,67
Kerala,2007,Goods carrying vehicles (Trucks/Tempo etc),1,31,100
Madhya Pradesh,2007,Goods carrying vehicles (Trucks/Tempo etc),9,51,122
Maharashtra,2007,Goods carrying vehicles (Trucks/Tempo etc),49,124,376
Manipur,2007,Goods carrying vehicles (Trucks/Tempo etc),0,0,1
Meghalaya,2007,Goods carrying vehicles (Trucks/Tempo etc),0,1,12
Mizoram,2007,Goods carrying vehicles (Trucks/Tempo etc),0,0,0
Nagaland,2007,Goods carrying vehicles (Trucks/Tempo etc),0,0,0
Odisha,2007,Goods carrying vehicles (Trucks/Tempo etc),0,3,13
Puducherry,2007,Goods carrying vehicles (Trucks/Tempo etc),,4,6
Punjab,2007,Goods carrying vehicles (Trucks/Tempo etc),73,65,157
Rajasthan,2007,Goods carrying vehicles (Trucks/Tempo etc),2,53,106
Sikkim,2007,Goods carrying vehicles (Trucks/Tempo etc),,2,2
Tamil Nadu,2007,Goods carrying vehicles (Trucks/Tempo etc),43,56,59
Tripura,2007,Goods carrying vehicles (Trucks/Tempo etc),,1,1
Uttar Pradesh,2007,Goods carrying vehicles (Trucks/Tempo etc),5,54,139
Uttarakhand,2007,Goods carrying vehicles (Trucks/Tempo etc),2,2,4
West Bengal,2007,Goods carrying vehicles (Trucks/Tempo etc),2,4,22
Andhra Pradesh,2008,Goods carrying vehicles (Trucks/Tempo etc),0,18,21
Arunachal Pradesh,2008,Goods carrying vehicles (Trucks/Tempo etc),0,0,0
Assam,2008,Goods carrying vehicles (Trucks/Tempo etc),5,7,23
Bihar,2008,Goods carrying vehicles (Trucks/Tempo etc),0,1,2
Chandigarh,2008,Goods carrying vehicles (Trucks/Tempo etc),0,1,4
Chhattisgarh,2008,Goods carrying vehicles (Trucks/Tempo etc),0,0,0
Dadra & Nagar Haveli,2008,Goods carrying vehicles (Trucks/Tempo etc),,,8
Daman & Diu,2008,Goods carrying vehicles (Trucks/Tempo etc),,,1
Delhi,2008,Goods carrying vehicles (Trucks/Tempo etc),,13,181
Goa,2008,Goods carrying vehicles (Trucks/Tempo etc),1,3,17
Gujarat,2008,Goods carrying vehicles (Trucks/Tempo etc),12,14,48
Haryana,2008,Goods carrying vehicles (Trucks/Tempo etc),16,154,331
Himachal Pradesh,2008,Goods carrying vehicles (Trucks/Tempo etc),2,9,30
Jammu & Kashmir,2008,Goods carrying vehicles (Trucks/Tempo etc),0,0,1
Jharkhand,2008,Goods carrying vehicles (Trucks/Tempo etc),,3,15
Karnataka,2008,Goods carrying vehicles (Trucks/Tempo etc),8,26,59
Kerala,2008,Goods carrying vehicles (Trucks/Tempo etc),,18,58
Maharashtra,2008,Goods carrying vehicles (Trucks/Tempo etc),42,138,586
Manipur,2008,Goods carrying vehicles (Trucks/Tempo etc),0,0,0
Meghalaya,2008,Goods carrying vehicles (Trucks/Tempo etc),0,1,9
Mizoram,2008,Goods carrying vehicles (Trucks/Tempo etc),0,0,0
Nagaland,2008,Goods carrying vehicles (Trucks/Tempo etc),0,0,8
Odisha,2008,Goods carrying vehicles (Trucks/Tempo etc),0,4,12
Puducherry,2008,Goods carrying vehicles (Trucks/Tempo etc),,3,7
Punjab,2008,Goods carrying vehicles (Trucks/Tempo etc),26,42,124
Rajasthan,2008,Goods carrying vehicles (Trucks/Tempo etc),3,60,144
Sikkim,2008,Goods carrying vehicles (Trucks/Tempo etc),,2,2
Tamil Nadu,2008,Goods carrying vehicles (Trucks/Tempo etc),39,55,65
Uttar Pradesh,2008,Goods carrying vehicles (Trucks/Tempo etc),23,70,170
Uttarakhand,2008,Goods carrying vehicles (Trucks/Tempo etc),,2,7
West Bengal,2008,Goods carrying vehicles (Trucks/Tempo etc),0,7,12
Andhra Pradesh,2009,Goods carrying vehicles (Trucks/Tempo etc),5,66,94
Arunachal Pradesh,2009,Goods carrying vehicles (Trucks/Tempo etc),0,0,0
Assam,2009,Goods carrying vehicles (Trucks/Tempo etc),4,11,22
Bihar,2009,Goods carrying vehicles (Trucks/Tempo etc),1,11,38
Chandigarh,2009,Goods carrying vehicles (Trucks/Tempo etc),0,0,1
Chhattisgarh,2009,Goods carrying vehicles (Trucks/Tempo etc),0,0,0
Delhi,2009,Goods carrying vehicles (Trucks/Tempo etc),7,24,173
Goa,2009,Goods carrying vehicles (Trucks/Tempo etc),1,9,15
Gujarat,2009,Goods carrying vehicles (Trucks/Tempo etc),11,19,93
Haryana,2009,Goods carrying vehicles (Trucks/Tempo etc),21,107,276
Himachal Pradesh,2009,Goods carrying vehicles (Trucks/Tempo etc),1,6,21
Jammu & Kashmir,2009,Goods carrying vehicles (Trucks/Tempo etc),1,20,41
Jharkhand,2009,Goods carrying vehicles (Trucks/Tempo etc),,6,32
Karnataka,2009,Goods carrying vehicles (Trucks/Tempo etc),6,44,115
Kerala,2009,Goods carrying vehicles (Trucks/Tempo etc),,29,84
Madhya Pradesh,2009,Goods carrying vehicles (Trucks/Tempo etc),0,0,0
Maharashtra,2009,Goods carrying vehicles (Trucks/Tempo etc),43,190,730
Manipur,2009,Goods carrying vehicles (Trucks/Tempo etc),0,0,0
Meghalaya,2009,Goods carrying vehicles (Trucks/Tempo etc),0,3,7
Nagaland,2009,Goods carrying vehicles (Trucks/Tempo etc),,2,13
Odisha,2009,Goods carrying vehicles (Trucks/Tempo etc),5,11,21
Puducherry,2009,Goods carrying vehicles (Trucks/Tempo etc),,2,3
Punjab,2009,Goods carrying vehicles (Trucks/Tempo etc),1,49,128
Rajasthan,2009,Goods carrying vehicles (Trucks/Tempo etc),0,60,184
Sikkim,2009,Goods carrying vehicles (Trucks/Tempo etc),,1,2
Tamil Nadu,2009,Goods carrying vehicles (Trucks/Tempo etc),20,49,55
Tripura,2009,Goods carrying vehicles (Trucks/Tempo etc),0,3,3
Uttar Pradesh,2009,Goods carrying vehicles (Trucks/Tempo etc),11,52,168
Uttarakhand,2009,Goods carrying vehicles (Trucks/Tempo etc),,7,29
West Bengal,2009,Goods carrying vehicles (Trucks/Tempo etc),2,6,38
Andhra Pradesh,2010,Goods carrying vehicles (Trucks/Tempo etc),1,14,15
Arunachal Pradesh,2010,Goods carrying vehicles (Trucks/Tempo etc),0,0,0
Assam,2010,Goods carrying vehicles (Trucks/Tempo etc),3,3,11
Bihar,2010,Goods carrying vehicles (Trucks/Tempo etc),,11,27
Chandigarh,2010,Goods carrying vehicles (Trucks/Tempo etc),0,3,7
Chhattisgarh,2010,Goods carrying vehicles (Trucks/Tempo etc),0,0,0
Dadra & Nagar Haveli,2010,Goods carrying vehicles (Trucks/Tempo etc),,1,5
Daman & Diu,2010,Goods carrying vehicles (Trucks/Tempo etc),0,1,1
Delhi,2010,Goods carrying vehicles (Trucks/Tempo etc),1,40,201
Goa,2010,Goods carrying vehicles (Trucks/Tempo etc),0,7,14
Gujarat,2010,Goods carrying vehicles (Trucks/Tempo etc),22,28,121
Haryana,2010,Goods carrying vehicles (Trucks/Tempo etc),33,144,349
Himachal Pradesh,2010,Goods carrying vehicles (Trucks/Tempo etc),0,0,0
Jammu & Kashmir,2010,Goods carrying vehicles (Trucks/Tempo etc),0,22,45
Jharkhand,2010,Goods carrying vehicles (Trucks/Tempo etc),0,0,0
Karnataka,2010,Goods carrying vehicles (Trucks/Tempo etc),3,22,47
Kerala,2010,Goods carrying vehicles (Trucks/Tempo etc),1,23,62
Maharashtra,2010,Goods carrying vehicles (Trucks/Tempo etc),42,160,595
Manipur,2010,Goods carrying vehicles (Trucks/Tempo etc),0,0,0
Meghalaya,2010,Goods carrying vehicles (Trucks/Tempo etc),0,1,2
Mizoram,2010,Goods carrying vehicles (Trucks/Tempo etc),0,0,0
Nagaland,2010,Goods carrying vehicles (Trucks/Tempo etc),0,4,5
Odisha,2010,Goods carrying vehicles (Trucks/Tempo etc),0,8,48
Punjab,2010,Goods carrying vehicles (Trucks/Tempo etc),20,49,103
Rajasthan,2010,Goods carrying vehicles (Trucks/Tempo etc),19,71,224
Tamil Nadu,2010,Goods carrying vehicles (Trucks/Tempo etc),21,29,34
Tripura,2010,Goods carrying vehicles (Trucks/Tempo etc),,1,2
Uttar Pradesh,2010,Goods carrying vehicles (Trucks/Tempo etc),17,50,161
Uttarakhand,2010,Goods carrying vehicles (Trucks/Tempo etc),,10,17
West Bengal,2010,Goods carrying vehicles (Trucks/Tempo etc),1,12,56
Andhra Pradesh,2001,Other Motor vehicles,12,42,75
Arunachal Pradesh,2001,Other Motor vehicles,0,0,0
Assam,2001,Other Motor vehicles,0,51,218
Bihar,2001,Other Motor vehicles,0,2,8
Chandigarh,2001,Other Motor vehicles,0,0,0
Chhattisgarh,2001,Other Motor vehicles,21,22,39
Dadra & Nagar Haveli,2001,Other Motor vehicles,,,1
Delhi,2001,Other Motor vehicles,14,164,562
Gujarat,2001,Other Motor vehicles,19,83,191
Haryana,2001,Other Motor vehicles,10,107,227
Himachal Pradesh,2001,Other Motor vehicles,0,0,0
Jammu & Kashmir,2001,Other Motor vehicles,0,0,0
Jharkhand,2001,Other Motor vehicles,0,0,2
Karnataka,2001,Other Motor vehicles,19,45,109
Kerala,2001,Other Motor vehicles,3,36,158
Madhya Pradesh,2001,Other Motor vehicles,,81,255
Maharashtra,2001,Other Motor vehicles,31,249,409
Manipur,2001,Other Motor vehicles,,1,8
Meghalaya,2001,Other Motor vehicles,0,3,6
Mizoram,2001,Other Motor vehicles,1,1,3
Nagaland,2001,Other Motor vehicles,0,1,2
Odisha,2001,Other Motor vehicles,0,103,184
Punjab,2001,Other Motor vehicles,16,39,53
Rajasthan,2001,Other Motor vehicles,,48,84
Tamil Nadu,2001,Other Motor vehicles,0,84,175
Uttar Pradesh,2001,Other Motor vehicles,,67,133
West Bengal,2001,Other Motor vehicles,2,79,173
Andhra Pradesh,2002,Other Motor vehicles,1,152,223
Assam,2002,Other Motor vehicles,0,48,173
Bihar,2002,Other Motor vehicles,0,6,21
Chandigarh,2002,Other Motor vehicles,0,0,0
Chhattisgarh,2002,Other Motor vehicles,0,29,243
Daman & Diu,2002,Other Motor vehicles,0,0,0
Delhi,2002,Other Motor vehicles,22,57,427
Gujarat,2002,Other Motor vehicles,41,110,292
Haryana,2002,Other Motor vehicles,0,118,232
Himachal Pradesh,2002,Other Motor vehicles,0,1,2
Jammu & Kashmir,2002,Other Motor vehicles,3,22,55
Jharkhand,2002,Other Motor vehicles,,14,17
Karnataka,2002,Other Motor vehicles,38,115,341
Kerala,2002,Other Motor vehicles,10,14,46
Madhya Pradesh,2002,Other Motor vehicles,9,103,287
Maharashtra,2002,Other Motor vehicles,12,152,225
Manipur,2002,Other Motor vehicles,,2,5
Meghalaya,2002,Other Motor vehicles,0,1,5
Mizoram,2002,Other Motor vehicles,,2,2
Nagaland,2002,Other Motor vehicles,0,8,19
Odisha,2002,Other Motor vehicles,27,32,199
Puducherry,2002,Other Motor vehicles,,4,4
Punjab,2002,Other Motor vehicles,29,42,58
Rajasthan,2002,Other Motor vehicles,2,39,59
Tamil Nadu,2002,Other Motor vehicles,2,135,178
Tripura,2002,Other Motor vehicles,,,1
Uttar Pradesh,2002,Other Motor vehicles,,58,109
Uttarakhand,2002,Other Motor vehicles,0,1,2
West Bengal,2002,Other Motor vehicles,0,43,103
Andaman & Nicobar Islands,2003,Other Motor vehicles,,,1
Andhra Pradesh,2003,Other Motor vehicles,43,196,478
Arunachal Pradesh,2003,Other Motor vehicles,0,0,0
Assam,2003,Other Motor vehicles,0,7,49
Bihar,2003,Other Motor vehicles,0,14,32
Chandigarh,2003,Other Motor vehicles,0,2,2
Chhattisgarh,2003,Other Motor vehicles,0,20,276
Dadra & Nagar Haveli,2003,Other Motor vehicles,,1,1
Daman & Diu,2003,Other Motor vehicles,0,0,0
Delhi,2003,Other Motor vehicles,33,186,571
Gujarat,2003,Other Motor vehicles,49,116,367
Haryana,2003,Other Motor vehicles,9,127,349
Himachal Pradesh,2003,Other Motor vehicles,0,2,5
Jammu & Kashmir,2003,Other Motor vehicles,2,30,69
Jharkhand,2003,Other Motor vehicles,0,8,19
Karnataka,2003,Other Motor vehicles,1,145,334
Kerala,2003,Other Motor vehicles,,14,62
Madhya Pradesh,2003,Other Motor vehicles,,98,191
Maharashtra,2003,Other Motor vehicles,29,59,103
Manipur,2003,Other Motor vehicles,0,0,4
Meghalaya,2003,Other Motor vehicles,0,0,5
Mizoram,2003,Other Motor vehicles,,5,5
Nagaland,2003,Other Motor vehicles,0,7,12
Odisha,2003,Other Motor vehicles,3,73,254
Puducherry,2003,Other Motor vehicles,1,1,2
Punjab,2003,Other Motor vehicles,7,24,43
Rajasthan,2003,Other Motor vehicles,1,13,36
Tamil Nadu,2003,Other Motor vehicles,34,52,60
Uttar Pradesh,2003,Other Motor vehicles,1,47,114
Uttarakhand,2003,Other Motor vehicles,0,4,18
West Bengal,2003,Other Motor vehicles,0,78,122
Andaman & Nicobar Islands,2004,Other Motor vehicles,,1,1
Andhra Pradesh,2004,Other Motor vehicles,25,273,439
Arunachal Pradesh,2004,Other Motor vehicles,0,0,0
Assam,2004,Other Motor vehicles,,26,71
Bihar,2004,Other Motor vehicles,0,16,53
Chandigarh,2004,Other Motor vehicles,0,4,12
Chhattisgarh,2004,Other Motor vehicles,0,64,129
Dadra & Nagar Haveli,2004,Other Motor vehicles,0,4,4
Delhi,2004,Other Motor vehicles,10,448,458
Goa,2004,Other Motor vehicles,,1,1
Gujarat,2004,Other Motor vehicles,9,90,175
Haryana,2004,Other Motor vehicles,,38,96
Himachal Pradesh,2004,Other Motor vehicles,0,5,11
Jammu & Kashmir,2004,Other Motor vehicles,1,18,80
Jharkhand,2004,Other Motor vehicles,,14,17
Karnataka,2004,Other Motor vehicles,4,106,219
Kerala,2004,Other Motor vehicles,,,1
Madhya Pradesh,2004,Other Motor vehicles,19,108,205
Maharashtra,2004,Other Motor vehicles,25,75,152
Manipur,2004,Other Motor vehicles,0,0,0
Meghalaya,2004,Other Motor vehicles,0,3,4
Mizoram,2004,Other Motor vehicles,0,0,0
Nagaland,2004,Other Motor vehicles,1,4,48
Odisha,2004,Other Motor vehicles,9,15,48
Puducherry,2004,Other Motor vehicles,,2,2
Punjab,2004,Other Motor vehicles,8,31,59
Rajasthan,2004,Other Motor vehicles,1,13,30
Sikkim,2004,Other Motor vehicles,,2,3
Tamil Nadu,2004,Other Motor vehicles,176,184,201
Uttar Pradesh,2004,Other Motor vehicles,,57,126
Uttarakhand,2004,Other Motor vehicles,,2,7
West Bengal,2004,Other Motor vehicles,0,70,318
Andaman & Nicobar Islands,2005,Other Motor vehicles,,1,1
Andhra Pradesh,2005,Other Motor vehicles,0,152,399
Arunachal Pradesh,2005,Other Motor vehicles,0,0,0
Assam,2005,Other Motor vehicles,0,3,24
Bihar,2005,Other Motor vehicles,0,5,62
Chandigarh,2005,Other Motor vehicles,0,5,6
Chhattisgarh,2005,Other Motor vehicles,0,73,110
Daman & Diu,2005,Other Motor vehicles,,2,5
Delhi,2005,Other Motor vehicles,17,412,536
Gujarat,2005,Other Motor vehicles,11,64,180
Haryana,2005,Other Motor vehicles,0,112,233
Himachal Pradesh,2005,Other Motor vehicles,0,13,16
Jammu & Kashmir,2005,Other Motor vehicles,0,20,43
Jharkhand,2005,Other Motor vehicles,0,7,36
Karnataka,2005,Other Motor vehicles,0,110,224
Kerala,2005,Other Motor vehicles,,50,164
Madhya Pradesh,2005,Other Motor vehicles,0,131,256
Maharashtra,2005,Other Motor vehicles,28,80,287
Manipur,2005,Other Motor vehicles,0,0,0
Meghalaya,2005,Other Motor vehicles,0,0,4
Mizoram,2005,Other Motor vehicles,0,0,0
Nagaland,2005,Other Motor vehicles,1,2,7
Odisha,2005,Other Motor vehicles,1,8,43
Puducherry,2005,Other Motor vehicles,2,2,2
Punjab,2005,Other Motor vehicles,11,26,59
Rajasthan,2005,Other Motor vehicles,2,20,61
Tamil Nadu,2005,Other Motor vehicles,184,189,357
Tripura,2005,Other Motor vehicles,,2,2
Uttar Pradesh,2005,Other Motor vehicles,1,42,110
Uttarakhand,2005,Other Motor vehicles,,8,72
West Bengal,2005,Other Motor vehicles,0,11,81
Andaman & Nicobar Islands,2006,Other Motor vehicles,,1,1
Andhra Pradesh,2006,Other Motor vehicles,2,241,435
Arunachal Pradesh,2006,Other Motor vehicles,0,0,0
Assam,2006,Other Motor vehicles,0,69,210
Bihar,2006,Other Motor vehicles,0,12,268
Chandigarh,2006,Other Motor vehicles,0,7,8
Chhattisgarh,2006,Other Motor vehicles,5,47,129
Delhi,2006,Other Motor vehicles,12,476,540
Goa,2006,Other Motor vehicles,,,2
Gujarat,2006,Other Motor vehicles,29,78,274
Haryana,2006,Other Motor vehicles,,111,236
Himachal Pradesh,2006,Other Motor vehicles,8,15,32
Jammu & Kashmir,2006,Other Motor vehicles,1,79,191
Jharkhand,2006,Other Motor vehicles,0,7,12
Karnataka,2006,Other Motor vehicles,1,193,618
Kerala,2006,Other Motor vehicles,,52,152
Madhya Pradesh,2006,Other Motor vehicles,11,189,496
Maharashtra,2006,Other Motor vehicles,29,80,145
Manipur,2006,Other Motor vehicles,0,2,7
Meghalaya,2006,Other Motor vehicles,0,5,13
Mizoram,2006,Other Motor vehicles,0,3,5
Nagaland,2006,Other Motor vehicles,0,25,61
Odisha,2006,Other Motor vehicles,0,10,61
Puducherry,2006,Other Motor vehicles,0,2,2
Punjab,2006,Other Motor vehicles,28,39,75
Rajasthan,2006,Other Motor vehicles,,36,111
Tamil Nadu,2006,Other Motor vehicles,69,72,77
Tripura,2006,Other Motor vehicles,,1,1
Uttar Pradesh,2006,Other Motor vehicles,0,75,202
Uttarakhand,2006,Other Motor vehicles,,4,12
West Bengal,2006,Other Motor vehicles,0,18,68
Andhra Pradesh,2007,Other Motor vehicles,11,168,349
Arunachal Pradesh,2007,Other Motor vehicles,0,0,0
Assam,2007,Other Motor vehicles,4,218,848
Bihar,2007,Other Motor vehicles,0,37,456
Chandigarh,2007,Other Motor vehicles,0,2,5
Chhattisgarh,2007,Other Motor vehicles,0,58,150
Delhi,2007,Other Motor vehicles,4,457,457
Gujarat,2007,Other Motor vehicles,22,60,204
Haryana,2007,Other Motor vehicles,27,149,325
Himachal Pradesh,2007,Other Motor vehicles,1,5,7
Jammu & Kashmir,2007,Other Motor vehicles,0,49,139
Jharkhand,2007,Other Motor vehicles,,20,123
Karnataka,2007,Other Motor vehicles,10,209,558
Kerala,2007,Other Motor vehicles,,44,96
Madhya Pradesh,2007,Other Motor vehicles,21,140,343
Maharashtra,2007,Other Motor vehicles,147,36,98
Manipur,2007,Other Motor vehicles,0,2,29
Meghalaya,2007,Other Motor vehicles,0,3,21
Mizoram,2007,Other Motor vehicles,0,2,4
Nagaland,2007,Other Motor vehicles,0,5,60
Odisha,2007,Other Motor vehicles,0,24,96
Puducherry,2007,Other Motor vehicles,,3,3
Punjab,2007,Other Motor vehicles,40,96,213
Rajasthan,2007,Other Motor vehicles,10,44,110
Tamil Nadu,2007,Other Motor vehicles,138,149,181
Tripura,2007,Other Motor vehicles,,1,1
Uttar Pradesh,2007,Other Motor vehicles,2,93,258
Uttarakhand,2007,Other Motor vehicles,2,2,4
West Bengal,2007,Other Motor vehicles,1,21,118
Andhra Pradesh,2008,Other Motor vehicles,0,309,531
Arunachal Pradesh,2008,Other Motor vehicles,0,0,0
Assam,2008,Other Motor vehicles,3,69,88
Bihar,2008,Other Motor vehicles,0,19,92
Chandigarh,2008,Other Motor vehicles,0,0,1
Chhattisgarh,2008,Other Motor vehicles,0,32,68
Dadra & Nagar Haveli,2008,Other Motor vehicles,,1,2
Delhi,2008,Other Motor vehicles,168,86,514
Goa,2008,Other Motor vehicles,,,2
Gujarat,2008,Other Motor vehicles,21,129,305
Haryana,2008,Other Motor vehicles,29,88,241
Himachal Pradesh,2008,Other Motor vehicles,2,9,27
Jammu & Kashmir,2008,Other Motor vehicles,0,35,78
Jharkhand,2008,Other Motor vehicles,,9,22
Karnataka,2008,Other Motor vehicles,1,214,774
Kerala,2008,Other Motor vehicles,8,73,157
Madhya Pradesh,2008,Other Motor vehicles,,173,487
Maharashtra,2008,Other Motor vehicles,52,134,253
Manipur,2008,Other Motor vehicles,0,0,6
Meghalaya,2008,Other Motor vehicles,0,6,23
Mizoram,2008,Other Motor vehicles,0,3,3
Nagaland,2008,Other Motor vehicles,0,3,33
Odisha,2008,Other Motor vehicles,0,33,67
Puducherry,2008,Other Motor vehicles,,4,5
Punjab,2008,Other Motor vehicles,30,35,86
Rajasthan,2008,Other Motor vehicles,3,66,195
Tamil Nadu,2008,Other Motor vehicles,41,49,58
Tripura,2008,Other Motor vehicles,,8,8
Uttar Pradesh,2008,Other Motor vehicles,19,76,219
Uttarakhand,2008,Other Motor vehicles,,1,8
West Bengal,2008,Other Motor vehicles,0,25,125
Andhra Pradesh,2009,Other Motor vehicles,0,332,482
Arunachal Pradesh,2009,Other Motor vehicles,0,0,0
Assam,2009,Other Motor vehicles,3,2,106
Bihar,2009,Other Motor vehicles,12,24,173
Chandigarh,2009,Other Motor vehicles,0,1,1
Chhattisgarh,2009,Other Motor vehicles,0,31,70
Dadra & Nagar Haveli,2009,Other Motor vehicles,,,3
Delhi,2009,Other Motor vehicles,3,118,465
Goa,2009,Other Motor vehicles,0,0,1
Gujarat,2009,Other Motor vehicles,23,128,457
Haryana,2009,Other Motor vehicles,36,152,431
Himachal Pradesh,2009,Other Motor vehicles,2,6,15
Jammu & Kashmir,2009,Other Motor vehicles,0,22,45
Jharkhand,2009,Other Motor vehicles,,0,0
Karnataka,2009,Other Motor vehicles,59,87,217
Kerala,2009,Other Motor vehicles,2,51,136
Madhya Pradesh,2009,Other Motor vehicles,0,192,454
Maharashtra,2009,Other Motor vehicles,94,179,250
Manipur,2009,Other Motor vehicles,1,1,16
Meghalaya,2009,Other Motor vehicles,1,5,15
Mizoram,2009,Other Motor vehicles,27,27,36
Nagaland,2009,Other Motor vehicles,,4,17
Odisha,2009,Other Motor vehicles,1,20,61
Puducherry,2009,Other Motor vehicles,1,2,3
Punjab,2009,Other Motor vehicles,6,39,97
Rajasthan,2009,Other Motor vehicles,2,50,153
Tamil Nadu,2009,Other Motor vehicles,57,62,80
Tripura,2009,Other Motor vehicles,0,0,0
Uttar Pradesh,2009,Other Motor vehicles,25,93,291
Uttarakhand,2009,Other Motor vehicles,,3,11
West Bengal,2009,Other Motor vehicles,25,31,144
Andaman & Nicobar Islands,2010,Other Motor vehicles,,,1
Andhra Pradesh,2010,Other Motor vehicles,34,562,624
Arunachal Pradesh,2010,Other Motor vehicles,0,0,1
Assam,2010,Other Motor vehicles,5,3,26
Bihar,2010,Other Motor vehicles,,20,309
Chandigarh,2010,Other Motor vehicles,0,0,0
Chhattisgarh,2010,Other Motor vehicles,0,43,139
Delhi,2010,Other Motor vehicles,2,64,458
Goa,2010,Other Motor vehicles,0,1,1
Gujarat,2010,Other Motor vehicles,11,123,461
Haryana,2010,Other Motor vehicles,45,160,435
Himachal Pradesh,2010,Other Motor vehicles,0,17,36
Jammu & Kashmir,2010,Other Motor vehicles,4,27,74
Jharkhand,2010,Other Motor vehicles,0,13,48
Karnataka,2010,Other Motor vehicles,6,177,503
Kerala,2010,Other Motor vehicles,0,52,94
Madhya Pradesh,2010,Other Motor vehicles,17,139,410
Maharashtra,2010,Other Motor vehicles,51,113,261
Manipur,2010,Other Motor vehicles,2,2,3
Meghalaya,2010,Other Motor vehicles,0,1,8
Mizoram,2010,Other Motor vehicles,9,9,13
Nagaland,2010,Other Motor vehicles,0,6,51
Odisha,2010,Other Motor vehicles,0,45,148
Puducherry,2010,Other Motor vehicles,1,1,1
Punjab,2010,Other Motor vehicles,26,88,87
Rajasthan,2010,Other Motor vehicles,37,128,169
Tamil Nadu,2010,Other Motor vehicles,54,92,114
Tripura,2010,Other Motor vehicles,0,2,3
Uttar Pradesh,2010,Other Motor vehicles,29,84,320
Uttarakhand,2010,Other Motor vehicles,,4,12
West Bengal,2010,Other Motor vehicles,1,48,308